Workbook

Sheet MATING_PLAN_SAFE
A1: Note
A2: No MATING_PLAN found to filter; safe plan not generated.

Sheet RAM_ASSIGNMENT_SAFE
A1: RamID | B1: RamName | C1: RamTag | D1: RamPen | E1: AssignedEwes(top choice) | F1: Eligible | G1: Notes

Sheet RULES_ENFORCED
A1: RuleID | B1: Rule | C1: Status | D1: Rationale
A2: R1 | B2: Exclude placeholder/unknown 'twin rams' from recommendations | C2: ON | D2: They are clutter/noise and may be lambs or untracked.
A3: R2 | B3: Only recommend adult rams (>=9 months) with known DOB | C3: ON | D3: Prevents recommending ram lambs / unknown age sires.
A4: R3 | B4: Geriatric safety: If ewe age >= 6 years, exclude Ram 00110 (Orange Tag) | C4: ON | D4: Reduce dystocia risk from large terminal sire on older ewes.
A5: R4 | B5: Only recommend rams marked 'Eligible' | C5: ON | D5: Central toggle for future terminal/maternal/health exclusions.

Sheet RAM_ELIGIBILITY
A1: RamID | B1: Name | C1: Tag | D1: Pen | E1: AgeYears | F1: DOBKnown | G1: IsAdult(>=9mo) | H1: IsPlaceholder | I1: Eligible | J1: Reason
A2: TAG_00110 | B2: 00110 | C2: 00110 | D2: Pen 1 | F2: FALSE | G2: FALSE | H2: FALSE | I2: FALSE | J2: DOB missing, Not adult
A3: P1_TWIN_RAM_BROWNWHITE | B3: Twin ram (brown & white) | D3: Pen 1 | F3: FALSE | G3: FALSE | H3: TRUE | I3: FALSE | J3: DOB missing, Not adult, Placeholder/twin
A4: P1_TWIN_RAM_BLACKWHITE | B4: Twin ram (black & white) | D4: Pen 1 | F4: FALSE | G4: FALSE | H4: TRUE | I4: FALSE | J4: DOB missing, Not adult, Placeholder/twin
A5: P1_RAM_LAMB_BROWNWHITE_01 | B5: Ram lamb (brown & white) | D5: Pen 1 | F5: FALSE | G5: FALSE | H5: TRUE | I5: FALSE | J5: DOB missing, Not adult, Placeholder/twin
A6: JERK_FACE | B6: Jerk Face | D6: Pen 2 | F6: FALSE | G6: FALSE | H6: FALSE | I6: FALSE | J6: DOB missing, Not adult
A7: MERRIE | B7: Merrie | C7: 00016 | D7: Pen 3 | F7: FALSE | G7: FALSE | H7: FALSE | I7: FALSE | J7: DOB missing, Not adult
A8: CHARLIE | B8: Charlie | D8: Pen 3 | F8: FALSE | G8: FALSE | H8: FALSE | I8: FALSE | J8: DOB missing, Not adult
A9: P4_RAM_LAMB_WHITE_01 | B9: Ram lamb (white) | D9: Pen 4 | F9: FALSE | G9: FALSE | H9: FALSE | I9: FALSE | J9: DOB missing, Not adult
A10: TAG_0113 | B10: 113 | C10: 113 | D10: Pen 5 | F10: FALSE | G10: FALSE | H10: FALSE | I10: FALSE | J10: DOB missing, Not adult
A11: MC08 | B11: Mc08 | C11: Mc08 | D11: Pen 6 | F11: FALSE | G11: FALSE | H11: FALSE | I11: FALSE | J11: DOB missing, Not adult
A12: TAG_0009 | B12: 09 | C12: 09 | D12: Goose Pen | F12: FALSE | G12: FALSE | H12: FALSE | I12: FALSE | J12: DOB missing, Not adult
A13: TAG_0006 | B13: 06 | C13: 06 | D13: Goose Pen | F13: FALSE | G13: FALSE | H13: FALSE | I13: FALSE | J13: DOB missing, Not adult
A14: GP_RAM_LAMB_FAWN_01 | B14: Ram lamb (fawn to light tan) | D14: Goose Pen | F14: FALSE | G14: FALSE | H14: FALSE | I14: FALSE | J14: DOB missing, Not adult
A15: BUCK_2433 | B15: Buck | C15: 2433 | D15: Tree Fort | F15: FALSE | G15: FALSE | H15: FALSE | I15: FALSE | J15: DOB missing, Not adult

Sheet MATING_PLAN
A1: EwePen | B1: EweName | C1: EweTag | D1: EweID | E1: ChoiceRank | F1: RamName | G1: RamTag | H1: RamPen | I1: RamID | J1: Score | K1: BaseScore | L1: Penalty | M1: ConstraintNote | N1: MissingRamData
A2: Pen 1 | B2: Azure | C2: 20 | D2: AZURE_0020 | E2: 1 | F2: 00110 | G2: 00110 | H2: Pen 1 | I2: TAG_00110 | J2: 0.5 | K2: 0.5 | L2: 0 | N2: Hardiness, Meat, Hair
A3: Pen 1 | B3: Azure | C3: 20 | D3: AZURE_0020 | E3: 2 | F3: Twin ram (brown & white) | H3: Pen 1 | I3: P1_TWIN_RAM_BROWNWHITE | J3: 0.5 | K3: 0.5 | L3: 0 | N3: Hardiness, Meat, Hair
A4: Pen 1 | B4: Azure | C4: 20 | D4: AZURE_0020 | E4: 3 | F4: Twin ram (black & white) | H4: Pen 1 | I4: P1_TWIN_RAM_BLACKWHITE | J4: 0.5 | K4: 0.5 | L4: 0 | N4: Hardiness, Meat, Hair
A5: Pen 3 | B5: Broken Tail | D5: BROKEN_TAIL | E5: 1 | F5: 00110 | G5: 00110 | H5: Pen 1 | I5: TAG_00110 | J5: 0.5 | K5: 0.5 | L5: 0 | N5: Hardiness, Meat, Hair
A6: Pen 3 | B6: Broken Tail | D6: BROKEN_TAIL | E6: 2 | F6: Twin ram (brown & white) | H6: Pen 1 | I6: P1_TWIN_RAM_BROWNWHITE | J6: 0.5 | K6: 0.5 | L6: 0 | N6: Hardiness, Meat, Hair
A7: Pen 3 | B7: Broken Tail | D7: BROKEN_TAIL | E7: 3 | F7: Twin ram (black & white) | H7: Pen 1 | I7: P1_TWIN_RAM_BLACKWHITE | J7: 0.5 | K7: 0.5 | L7: 0 | N7: Hardiness, Meat, Hair
A8: Pen 3 | B8: Charlie's ewe | D8: CHARLIES_EWE_1 | E8: 1 | F8: 00110 | G8: 00110 | H8: Pen 1 | I8: TAG_00110 | J8: 0.5 | K8: 0.5 | L8: 0 | N8: Hardiness, Meat, Hair
A9: Pen 3 | B9: Charlie's ewe | D9: CHARLIES_EWE_1 | E9: 2 | F9: Twin ram (brown & white) | H9: Pen 1 | I9: P1_TWIN_RAM_BROWNWHITE | J9: 0.5 | K9: 0.5 | L9: 0 | N9: Hardiness, Meat, Hair
A10: Pen 3 | B10: Charlie's ewe | D10: CHARLIES_EWE_1 | E10: 3 | F10: Twin ram (black & white) | H10: Pen 1 | I10: P1_TWIN_RAM_BLACKWHITE | J10: 0.5 | K10: 0.5 | L10: 0 | N10: Hardiness, Meat, Hair
A11: Pen 1 | B11: Charlie's ewe 2 | D11: CHARLIES_EWE_2 | E11: 1 | F11: 00110 | G11: 00110 | H11: Pen 1 | I11: TAG_00110 | J11: 0.5 | K11: 0.5 | L11: 0 | N11: Hardiness, Meat, Hair
A12: Pen 1 | B12: Charlie's ewe 2 | D12: CHARLIES_EWE_2 | E12: 2 | F12: Twin ram (brown & white) | H12: Pen 1 | I12: P1_TWIN_RAM_BROWNWHITE | J12: 0.5 | K12: 0.5 | L12: 0 | N12: Hardiness, Meat, Hair
A13: Pen 1 | B13: Charlie's ewe 2 | D13: CHARLIES_EWE_2 | E13: 3 | F13: Twin ram (black & white) | H13: Pen 1 | I13: P1_TWIN_RAM_BLACKWHITE | J13: 0.5 | K13: 0.5 | L13: 0 | N13: Hardiness, Meat, Hair
A14: Tree Fort | B14: Charlie's ewe 3 | D14: CHARLIES_EWE_3 | E14: 1 | F14: 00110 | G14: 00110 | H14: Pen 1 | I14: TAG_00110 | J14: 0.5 | K14: 0.5 | L14: 0 | N14: Hardiness, Meat, Hair
A15: Tree Fort | B15: Charlie's ewe 3 | D15: CHARLIES_EWE_3 | E15: 2 | F15: Twin ram (brown & white) | H15: Pen 1 | I15: P1_TWIN_RAM_BROWNWHITE | J15: 0.5 | K15: 0.5 | L15: 0 | N15: Hardiness, Meat, Hair
A16: Tree Fort | B16: Charlie's ewe 3 | D16: CHARLIES_EWE_3 | E16: 3 | F16: Twin ram (black & white) | H16: Pen 1 | I16: P1_TWIN_RAM_BLACKWHITE | J16: 0.5 | K16: 0.5 | L16: 0 | N16: Hardiness, Meat, Hair
A17: Pen 6 | B17: Elsie | D17: ELSIE | E17: 1 | F17: 00110 | G17: 00110 | H17: Pen 1 | I17: TAG_00110 | J17: 0.5 | K17: 0.5 | L17: 0 | N17: Hardiness, Meat, Hair
A18: Pen 6 | B18: Elsie | D18: ELSIE | E18: 2 | F18: Twin ram (brown & white) | H18: Pen 1 | I18: P1_TWIN_RAM_BROWNWHITE | J18: 0.5 | K18: 0.5 | L18: 0 | N18: Hardiness, Meat, Hair
A19: Pen 6 | B19: Elsie | D19: ELSIE | E19: 3 | F19: Twin ram (black & white) | H19: Pen 1 | I19: P1_TWIN_RAM_BLACKWHITE | J19: 0.5 | K19: 0.5 | L19: 0 | N19: Hardiness, Meat, Hair
A20: Pen 4 | B20: Fms daughter | D20: FMS_DAUGHTER | E20: 1 | F20: 00110 | G20: 00110 | H20: Pen 1 | I20: TAG_00110 | J20: 0.5 | K20: 0.5 | L20: 0 | N20: Hardiness, Meat, Hair
A21: Pen 4 | B21: Fms daughter | D21: FMS_DAUGHTER | E21: 2 | F21: Twin ram (brown & white) | H21: Pen 1 | I21: P1_TWIN_RAM_BROWNWHITE | J21: 0.5 | K21: 0.5 | L21: 0 | N21: Hardiness, Meat, Hair
A22: Pen 4 | B22: Fms daughter | D22: FMS_DAUGHTER | E22: 3 | F22: Twin ram (black & white) | H22: Pen 1 | I22: P1_TWIN_RAM_BLACKWHITE | J22: 0.5 | K22: 0.5 | L22: 0 | N22: Hardiness, Meat, Hair
A23: Pen 4 | B23: Gigi | D23: GIGI | E23: 1 | F23: 00110 | G23: 00110 | H23: Pen 1 | I23: TAG_00110 | J23: 0.5 | K23: 0.5 | L23: 0 | N23: Hardiness, Meat, Hair
A24: Pen 4 | B24: Gigi | D24: GIGI | E24: 2 | F24: Twin ram (brown & white) | H24: Pen 1 | I24: P1_TWIN_RAM_BROWNWHITE | J24: 0.5 | K24: 0.5 | L24: 0 | N24: Hardiness, Meat, Hair
A25: Pen 4 | B25: Gigi | D25: GIGI | E25: 3 | F25: Twin ram (black & white) | H25: Pen 1 | I25: P1_TWIN_RAM_BLACKWHITE | J25: 0.5 | K25: 0.5 | L25: 0 | N25: Hardiness, Meat, Hair
A26: Pen 3 | B26: Nori | C26: 0029 | D26: NORI_0029 | E26: 1 | F26: 00110 | G26: 00110 | H26: Pen 1 | I26: TAG_00110 | J26: 0.5 | K26: 0.5 | L26: 0 | N26: Hardiness, Meat, Hair
A27: Pen 3 | B27: Nori | C27: 0029 | D27: NORI_0029 | E27: 2 | F27: Twin ram (brown & white) | H27: Pen 1 | I27: P1_TWIN_RAM_BROWNWHITE | J27: 0.5 | K27: 0.5 | L27: 0 | N27: Hardiness, Meat, Hair
A28: Pen 3 | B28: Nori | C28: 0029 | D28: NORI_0029 | E28: 3 | F28: Twin ram (black & white) | H28: Pen 1 | I28: P1_TWIN_RAM_BLACKWHITE | J28: 0.5 | K28: 0.5 | L28: 0 | N28: Hardiness, Meat, Hair
A29: Pen 4 | B29: Ewe lamb (black) | D29: P4_EWE_LAMB_BLACK_01 | E29: 1 | F29: 00110 | G29: 00110 | H29: Pen 1 | I29: TAG_00110 | J29: 0.5 | K29: 0.5 | L29: 0 | N29: Hardiness, Meat, Hair
A30: Pen 4 | B30: Ewe lamb (black) | D30: P4_EWE_LAMB_BLACK_01 | E30: 2 | F30: Twin ram (brown & white) | H30: Pen 1 | I30: P1_TWIN_RAM_BROWNWHITE | J30: 0.5 | K30: 0.5 | L30: 0 | N30: Hardiness, Meat, Hair
A31: Pen 4 | B31: Ewe lamb (black) | D31: P4_EWE_LAMB_BLACK_01 | E31: 3 | F31: Twin ram (black & white) | H31: Pen 1 | I31: P1_TWIN_RAM_BLACKWHITE | J31: 0.5 | K31: 0.5 | L31: 0 | N31: Hardiness, Meat, Hair
A32: Pen 4 | B32: Serendipity | C32: 30 | D32: SERENDIPITY | E32: 1 | F32: 00110 | G32: 00110 | H32: Pen 1 | I32: TAG_00110 | J32: 0.5 | K32: 0.5 | L32: 0 | N32: Hardiness, Meat, Hair
A33: Pen 4 | B33: Serendipity | C33: 30 | D33: SERENDIPITY | E33: 2 | F33: Twin ram (brown & white) | H33: Pen 1 | I33: P1_TWIN_RAM_BROWNWHITE | J33: 0.5 | K33: 0.5 | L33: 0 | N33: Hardiness, Meat, Hair
A34: Pen 4 | B34: Serendipity | C34: 30 | D34: SERENDIPITY | E34: 3 | F34: Twin ram (black & white) | H34: Pen 1 | I34: P1_TWIN_RAM_BLACKWHITE | J34: 0.5 | K34: 0.5 | L34: 0 | N34: Hardiness, Meat, Hair
A35: Pen 5 | B35: 02 | C35: 02 | D35: TAG_0002 | E35: 1 | F35: 00110 | G35: 00110 | H35: Pen 1 | I35: TAG_00110 | J35: 0.5 | K35: 0.5 | L35: 0 | N35: Hardiness, Meat, Hair
A36: Pen 5 | B36: 02 | C36: 02 | D36: TAG_0002 | E36: 2 | F36: Twin ram (brown & white) | H36: Pen 1 | I36: P1_TWIN_RAM_BROWNWHITE | J36: 0.5 | K36: 0.5 | L36: 0 | N36: Hardiness, Meat, Hair
A37: Pen 5 | B37: 02 | C37: 02 | D37: TAG_0002 | E37: 3 | F37: Twin ram (black & white) | H37: Pen 1 | I37: P1_TWIN_RAM_BLACKWHITE | J37: 0.5 | K37: 0.5 | L37: 0 | N37: Hardiness, Meat, Hair
A38: Pen 1 | B38: 003 | C38: 003 | D38: TAG_0003 | E38: 1 | F38: 00110 | G38: 00110 | H38: Pen 1 | I38: TAG_00110 | J38: 0.5 | K38: 0.5 | L38: 0 | N38: Hardiness, Meat, Hair
A39: Pen 1 | B39: 003 | C39: 003 | D39: TAG_0003 | E39: 2 | F39: Twin ram (brown & white) | H39: Pen 1 | I39: P1_TWIN_RAM_BROWNWHITE | J39: 0.5 | K39: 0.5 | L39: 0 | N39: Hardiness, Meat, Hair
A40: Pen 1 | B40: 003 | C40: 003 | D40: TAG_0003 | E40: 3 | F40: Twin ram (black & white) | H40: Pen 1 | I40: P1_TWIN_RAM_BLACKWHITE | J40: 0.5 | K40: 0.5 | L40: 0 | N40: Hardiness, Meat, Hair
A41: Pen 4 | B41: 0011 | C41: 0011 | D41: TAG_0011 | E41: 1 | F41: 00110 | G41: 00110 | H41: Pen 1 | I41: TAG_00110 | J41: 0.5 | K41: 0.5 | L41: 0 | N41: Hardiness, Meat, Hair
A42: Pen 4 | B42: 0011 | C42: 0011 | D42: TAG_0011 | E42: 2 | F42: Twin ram (brown & white) | H42: Pen 1 | I42: P1_TWIN_RAM_BROWNWHITE | J42: 0.5 | K42: 0.5 | L42: 0 | N42: Hardiness, Meat, Hair
A43: Pen 4 | B43: 0011 | C43: 0011 | D43: TAG_0011 | E43: 3 | F43: Twin ram (black & white) | H43: Pen 1 | I43: P1_TWIN_RAM_BLACKWHITE | J43: 0.5 | K43: 0.5 | L43: 0 | N43: Hardiness, Meat, Hair
A44: Pen 4 | B44: 0023 | C44: 0023 | D44: TAG_0023 | E44: 1 | F44: 00110 | G44: 00110 | H44: Pen 1 | I44: TAG_00110 | J44: 0.5 | K44: 0.5 | L44: 0 | N44: Hardiness, Meat, Hair
A45: Pen 4 | B45: 0023 | C45: 0023 | D45: TAG_0023 | E45: 2 | F45: Twin ram (brown & white) | H45: Pen 1 | I45: P1_TWIN_RAM_BROWNWHITE | J45: 0.5 | K45: 0.5 | L45: 0 | N45: Hardiness, Meat, Hair
A46: Pen 4 | B46: 0023 | C46: 0023 | D46: TAG_0023 | E46: 3 | F46: Twin ram (black & white) | H46: Pen 1 | I46: P1_TWIN_RAM_BLACKWHITE | J46: 0.5 | K46: 0.5 | L46: 0 | N46: Hardiness, Meat, Hair
A47: Pen 5 | B47: 31 | C47: 31 | D47: TAG_0031 | E47: 1 | F47: 00110 | G47: 00110 | H47: Pen 1 | I47: TAG_00110 | J47: 0.5 | K47: 0.5 | L47: 0 | N47: Hardiness, Meat, Hair
A48: Pen 5 | B48: 31 | C48: 31 | D48: TAG_0031 | E48: 2 | F48: Twin ram (brown & white) | H48: Pen 1 | I48: P1_TWIN_RAM_BROWNWHITE | J48: 0.5 | K48: 0.5 | L48: 0 | N48: Hardiness, Meat, Hair
A49: Pen 5 | B49: 31 | C49: 31 | D49: TAG_0031 | E49: 3 | F49: Twin ram (black & white) | H49: Pen 1 | I49: P1_TWIN_RAM_BLACKWHITE | J49: 0.5 | K49: 0.5 | L49: 0 | N49: Hardiness, Meat, Hair
A50: Tree Fort | B50: 0035 | C50: 0035 | D50: TAG_0035 | E50: 1 | F50: 00110 | G50: 00110 | H50: Pen 1 | I50: TAG_00110 | J50: 0.5 | K50: 0.5 | L50: 0 | N50: Hardiness, Meat, Hair
A51: Tree Fort | B51: 0035 | C51: 0035 | D51: TAG_0035 | E51: 2 | F51: Twin ram (brown & white) | H51: Pen 1 | I51: P1_TWIN_RAM_BROWNWHITE | J51: 0.5 | K51: 0.5 | L51: 0 | N51: Hardiness, Meat, Hair
A52: Tree Fort | B52: 0035 | C52: 0035 | D52: TAG_0035 | E52: 3 | F52: Twin ram (black & white) | H52: Pen 1 | I52: P1_TWIN_RAM_BLACKWHITE | J52: 0.5 | K52: 0.5 | L52: 0 | N52: Hardiness, Meat, Hair
A53: Tree Fort | B53: 35 | C53: 35 | D53: TAG_0035B | E53: 1 | F53: 00110 | G53: 00110 | H53: Pen 1 | I53: TAG_00110 | J53: 0.5 | K53: 0.5 | L53: 0 | N53: Hardiness, Meat, Hair
A54: Tree Fort | B54: 35 | C54: 35 | D54: TAG_0035B | E54: 2 | F54: Twin ram (brown & white) | H54: Pen 1 | I54: P1_TWIN_RAM_BROWNWHITE | J54: 0.5 | K54: 0.5 | L54: 0 | N54: Hardiness, Meat, Hair
A55: Tree Fort | B55: 35 | C55: 35 | D55: TAG_0035B | E55: 3 | F55: Twin ram (black & white) | H55: Pen 1 | I55: P1_TWIN_RAM_BLACKWHITE | J55: 0.5 | K55: 0.5 | L55: 0 | N55: Hardiness, Meat, Hair
A56: Pen 1 | B56: 0044 | C56: 0044 | D56: TAG_0044 | E56: 1 | F56: 00110 | G56: 00110 | H56: Pen 1 | I56: TAG_00110 | J56: 0.5 | K56: 0.5 | L56: 0 | N56: Hardiness, Meat, Hair
A57: Pen 1 | B57: 0044 | C57: 0044 | D57: TAG_0044 | E57: 2 | F57: Twin ram (brown & white) | H57: Pen 1 | I57: P1_TWIN_RAM_BROWNWHITE | J57: 0.5 | K57: 0.5 | L57: 0 | N57: Hardiness, Meat, Hair
A58: Pen 1 | B58: 0044 | C58: 0044 | D58: TAG_0044 | E58: 3 | F58: Twin ram (black & white) | H58: Pen 1 | I58: P1_TWIN_RAM_BLACKWHITE | J58: 0.5 | K58: 0.5 | L58: 0 | N58: Hardiness, Meat, Hair
A59: Goose Pen | B59: 49 | C59: 49 | D59: TAG_0049 | E59: 1 | F59: 00110 | G59: 00110 | H59: Pen 1 | I59: TAG_00110 | J59: 0.5 | K59: 0.5 | L59: 0 | N59: Hardiness, Meat, Hair
A60: Goose Pen | B60: 49 | C60: 49 | D60: TAG_0049 | E60: 2 | F60: Twin ram (brown & white) | H60: Pen 1 | I60: P1_TWIN_RAM_BROWNWHITE | J60: 0.5 | K60: 0.5 | L60: 0 | N60: Hardiness, Meat, Hair
A61: Goose Pen | B61: 49 | C61: 49 | D61: TAG_0049 | E61: 3 | F61: Twin ram (black & white) | H61: Pen 1 | I61: P1_TWIN_RAM_BLACKWHITE | J61: 0.5 | K61: 0.5 | L61: 0 | N61: Hardiness, Meat, Hair
A62: Goose Pen | B62: 50 | C62: 50 | D62: TAG_0050 | E62: 1 | F62: 00110 | G62: 00110 | H62: Pen 1 | I62: TAG_00110 | J62: 0.5 | K62: 0.5 | L62: 0 | N62: Hardiness, Meat, Hair
A63: Goose Pen | B63: 50 | C63: 50 | D63: TAG_0050 | E63: 2 | F63: Twin ram (brown & white) | H63: Pen 1 | I63: P1_TWIN_RAM_BROWNWHITE | J63: 0.5 | K63: 0.5 | L63: 0 | N63: Hardiness, Meat, Hair
A64: Goose Pen | B64: 50 | C64: 50 | D64: TAG_0050 | E64: 3 | F64: Twin ram (black & white) | H64: Pen 1 | I64: P1_TWIN_RAM_BLACKWHITE | J64: 0.5 | K64: 0.5 | L64: 0 | N64: Hardiness, Meat, Hair
A65: Pen 4 | B65: 0051 | C65: 0051 | D65: TAG_0051 | E65: 1 | F65: 00110 | G65: 00110 | H65: Pen 1 | I65: TAG_00110 | J65: 0.5 | K65: 0.5 | L65: 0 | N65: Hardiness, Meat, Hair
A66: Pen 4 | B66: 0051 | C66: 0051 | D66: TAG_0051 | E66: 2 | F66: Twin ram (brown & white) | H66: Pen 1 | I66: P1_TWIN_RAM_BROWNWHITE | J66: 0.5 | K66: 0.5 | L66: 0 | N66: Hardiness, Meat, Hair
A67: Pen 4 | B67: 0051 | C67: 0051 | D67: TAG_0051 | E67: 3 | F67: Twin ram (black & white) | H67: Pen 1 | I67: P1_TWIN_RAM_BLACKWHITE | J67: 0.5 | K67: 0.5 | L67: 0 | N67: Hardiness, Meat, Hair
A68: Pen 2 | B68: 0053 | C68: 0053 | D68: TAG_0053 | E68: 1 | F68: 00110 | G68: 00110 | H68: Pen 1 | I68: TAG_00110 | J68: 0.5 | K68: 0.5 | L68: 0 | N68: Hardiness, Meat, Hair
A69: Pen 2 | B69: 0053 | C69: 0053 | D69: TAG_0053 | E69: 2 | F69: Twin ram (brown & white) | H69: Pen 1 | I69: P1_TWIN_RAM_BROWNWHITE | J69: 0.5 | K69: 0.5 | L69: 0 | N69: Hardiness, Meat, Hair
A70: Pen 2 | B70: 0053 | C70: 0053 | D70: TAG_0053 | E70: 3 | F70: Twin ram (black & white) | H70: Pen 1 | I70: P1_TWIN_RAM_BLACKWHITE | J70: 0.5 | K70: 0.5 | L70: 0 | N70: Hardiness, Meat, Hair
A71: Pen 6 | B71: 0055 | C71: 0055 | D71: TAG_0055 | E71: 1 | F71: 00110 | G71: 00110 | H71: Pen 1 | I71: TAG_00110 | J71: 0.5 | K71: 0.5 | L71: 0 | N71: Hardiness, Meat, Hair
A72: Pen 6 | B72: 0055 | C72: 0055 | D72: TAG_0055 | E72: 2 | F72: Twin ram (brown & white) | H72: Pen 1 | I72: P1_TWIN_RAM_BROWNWHITE | J72: 0.5 | K72: 0.5 | L72: 0 | N72: Hardiness, Meat, Hair
A73: Pen 6 | B73: 0055 | C73: 0055 | D73: TAG_0055 | E73: 3 | F73: Twin ram (black & white) | H73: Pen 1 | I73: P1_TWIN_RAM_BLACKWHITE | J73: 0.5 | K73: 0.5 | L73: 0 | N73: Hardiness, Meat, Hair
A74: Pen 6 | B74: 0056 | C74: 0056 | D74: TAG_0056 | E74: 1 | F74: 00110 | G74: 00110 | H74: Pen 1 | I74: TAG_00110 | J74: 0.5 | K74: 0.5 | L74: 0 | N74: Hardiness, Meat, Hair
A75: Pen 6 | B75: 0056 | C75: 0056 | D75: TAG_0056 | E75: 2 | F75: Twin ram (brown & white) | H75: Pen 1 | I75: P1_TWIN_RAM_BROWNWHITE | J75: 0.5 | K75: 0.5 | L75: 0 | N75: Hardiness, Meat, Hair
A76: Pen 6 | B76: 0056 | C76: 0056 | D76: TAG_0056 | E76: 3 | F76: Twin ram (black & white) | H76: Pen 1 | I76: P1_TWIN_RAM_BLACKWHITE | J76: 0.5 | K76: 0.5 | L76: 0 | N76: Hardiness, Meat, Hair
A77: Pen 2 | B77: 114 | C77: 114 | D77: TAG_0114 | E77: 1 | F77: 00110 | G77: 00110 | H77: Pen 1 | I77: TAG_00110 | J77: 0.5 | K77: 0.5 | L77: 0 | N77: Hardiness, Meat, Hair
A78: Pen 2 | B78: 114 | C78: 114 | D78: TAG_0114 | E78: 2 | F78: Twin ram (brown & white) | H78: Pen 1 | I78: P1_TWIN_RAM_BROWNWHITE | J78: 0.5 | K78: 0.5 | L78: 0 | N78: Hardiness, Meat, Hair
A79: Pen 2 | B79: 114 | C79: 114 | D79: TAG_0114 | E79: 3 | F79: Twin ram (black & white) | H79: Pen 1 | I79: P1_TWIN_RAM_BLACKWHITE | J79: 0.5 | K79: 0.5 | L79: 0 | N79: Hardiness, Meat, Hair
A80: Pen 6 | B80: 2139 | C80: 2139 | D80: TAG_2139 | E80: 1 | F80: 00110 | G80: 00110 | H80: Pen 1 | I80: TAG_00110 | J80: 0.5 | K80: 0.5 | L80: 0 | N80: Hardiness, Meat, Hair
A81: Pen 6 | B81: 2139 | C81: 2139 | D81: TAG_2139 | E81: 2 | F81: Twin ram (brown & white) | H81: Pen 1 | I81: P1_TWIN_RAM_BROWNWHITE | J81: 0.5 | K81: 0.5 | L81: 0 | N81: Hardiness, Meat, Hair
A82: Pen 6 | B82: 2139 | C82: 2139 | D82: TAG_2139 | E82: 3 | F82: Twin ram (black & white) | H82: Pen 1 | I82: P1_TWIN_RAM_BLACKWHITE | J82: 0.5 | K82: 0.5 | L82: 0 | N82: Hardiness, Meat, Hair

Sheet RAM_ASSIGNMENT
A1: RamID | B1: RamName | C1: RamTag | D1: RamPen | E1: AssignedEwes(top choice)
A2: TAG_00110 | B2: 00110 | C2: 00110 | D2: Pen 1 | E2: 27

Sheet COSTS_RAW_2022_2026
A1: Statistics: | B1: Tag Number | C1: Sheep Name | D1: Gender | E1: Present/Sold | F1: Date of Birth | G1: Date Aquired | H1: Date Sold/Died | I1: Months Old | J1: Days Owned | K1: Total Cost While Owned | L1: Price Paid | M1: Price Received | N1: Profit/Loss | O1: Paint Color | P1: Breed %s | R1: Sire | S1: Dam | T1: Breeder | U1: Number of babies total | V1: Number of Lambs this year | W1: Number survived till weaned (this year) | X1: Birth Weight | Y1: 60 day weight | Z1: CDT (1) | AA1: CDT (2) | AB1: CDT (2021 Booster) | AC1: Link to Photo | AD1: Comments | AK1: Todays Date
A2: Todays Date: | C2: Midnight Snack | D2: Ram | E2: S | F2: 3/13/2021 | G2: 5/24/2021 | I2: 57 | J2: 1689 | K2: #REF! | L2: 0.00 | P2: 100% Katahdin | AD2: All Black | AK2: 1/7/2026
A3: 1/7/2026 | C3: Black Rock | E3: P | F3: 3/13/2021 | G3: 5/24/2021 | I3: 55 | J3: 1689 | K3: #REF! | L3: 0.00 | P3: 100% Katahdin | AD3: Black With a white Blaze on his head.
A4: Cost/Sheep/Day | C4: BrownKnee | D4: Ram | E4: P | F4: 11/1/2015 | G4: 11/1/2015 | I4: 122 | J4: 3720 | K4: #REF! | L4: 230.00 | P4: 75% st augustine 25% Katahdin | R4: St augustine Ram 1 | S4: Half Katahdin Half St Augustine ewe | T4: Carol Posley/Fairmeadow | AD4: Docile. Meaty - easily 300lbs
A5: #REF! | C5: Anna | D5: Ewe | E5: D | F5: 4/24/2021 | G5: 4/24/2021 | I5: 56 | J5: 1719 | K5: #REF! | L5: 0.00 | O5: Yellow | P5: 54.75% St Augustine 46.25% Katahdin | R5: Sir Loin | S5: Brownknee | T5: Ken | AD5: Bottle Baby
C6: Sheep Number | D6: Ewe | E6: P | F6: 6/1/2015 | G6: 6/1/2015 | I6: 127 | J6: 3873 | K6: #REF! | L6: 200.00 | O6: Purple | P6: Katahdin 100% | R6: Katahdin Ewe 2 | S6: Katahdin Ewe 1 | T6: Ed Maddox | V6: 3 | W6: 2 | AD6: Our Friendly Matriarch
C7: Sir Loin | D7: Ram | E7: P | F7: 2/14/2021 | G7: 10/1/2021 | I7: 51 | J7: 1559 | K7: #REF! | L7: 150.00
C8: Anna's Big One | D8: Ewe | E8: P | F8: 4/10/2021 | G8: 4/10/2021 | I8: 56 | J8: 1733 | K8: #REF! | L8: 0.00 | O8: Purple | P8: 37.5% St Augustine 62.5% katahdin | R8: Sir Loin | S8: Anna | T8: Ken
C9: Half Tail | D9: Ewe | E9: P | F9: 5/14/2020 | G9: 5/14/2021 | I9: 55 | J9: 1699 | K9: #REF! | L9: 175.00 | P9: 50%Jacob 50% Babydoll
C10: Hersheys | D10: Ewe | E10: P | F10: 1/24/2021 | G10: 4/18/2021 | I10: 56 | J10: 1725 | K10: #REF! | L10: 200.00 | P10: 50% Dorper 50% katahdin | R10: Dorper Ram 1 | S10: Katahdin Ewe 1 | T10: Maria Tracy (Heather farms) | AD10: Purchased for Milk Production
C11: Sugar | D11: Ewe | E11: P | F11: 1/4/2019 | G11: 1/4/2019 | I11: 84 | J11: 2560 | K11: #REF! | L11: 0.00 | O11: Yellow | P11: 37.5 st augustine 62.5% katahdin | R11: Sir Loin | S11: Anna | T11: Ken | U11: 2 | V11: 2 | AD11: Rejected one lamb violently(21)
C12: Razzle | D12: Ewe | E12: P | F12: 1/18/2018 | G12: 1/18/2018 | I12: 95 | J12: 2911 | K12: #REF! | L12: 0.00
C13: Frazzle | D13: Ewe | E13: P | F13: 1/13/2021 | G13: 4/18/2021 | I13: 56 | J13: 1725 | K13: #REF! | L13: 200.00 | P13: 50% Dorper 50% katahdin | R13: Dorper Ram 2 | S13: Katahdin Ewe 2 | T13: Maria Tracy (Heather farms) | AD13: Purchased for Milk Production
C14: Boots | D14: Ewe | E14: P | F14: 1/1/2020 | G14: 1/1/2020 | I14: 72 | J14: 2198 | K14: #REF! | L14: 0.00 | P14: 25% BBB 12.5% Auction 25% Katahdin and 37.5% St Augustine | R14: Sir Loin | S14: Sugar | T14: Ken | U14: 3 | V14: 3 | AD14: Rejected her male, lost one of the triplets (21)
C15: Rose Baby 2 | D15: Ewe | E15: S | F15: 4/20/2021 | G15: 4/20/2021 | I15: 56 | J15: 1723 | K15: #REF! | L15: 0.00 | O15: Green | P15: 12.5 bbb 6.25 auction 31.5 katahdin 37.5 st augustine | R15: Sir Loin | S15: Rose | T15: Ken
C16: Sugar Baby -1 | D16: Ewe | E16: S | F16: 1/18/2021 | G16: 1/18/2021 | I16: 59 | J16: 1815 | K16: #REF! | L16: 0.00 | O16: Black | P16: 37.5% Katahdin. 12.5% BBB, 37.5 St Augustine, 12.5% Auction Breed | R16: Sir Loin | S16: Sugar Baby | T16: Ken
C17: Trouble | D17: Ewe | E17: P | F17: 1/19/2020 | G17: 1/19/2020 | I17: 71 | J17: 2180 | K17: #REF! | L17: 0.00 | O17: Black | P17: 37.5% Katahdin. 12.5% BBB, 37.5 St Augustine, 12.5% Auction Breed | R17: Sir Loin | S17: Sugar | T17: Ken | U17: 0 | V17: 0 | AD17: Fairly Wooly. Stocky,
C18: Shaggy | D18: Ewe | E18: P | F18: 7/1/2020 | G18: 7/1/2020 | I18: 66 | J18: 2016 | K18: #REF! | L18: 0.00 | P18: 50% Dorper, 37.5% St Augustine 12.5% Katahdin | R18: Sir Loin | S18: Haley Lawson | T18: Ken | U18: 0 | V18: 0 | W18: 0 | AD18: Small, and wooley. Will breed, and release. Nibbles your clothing.
C19: Razzle | D19: Ram | E19: S | F19: 3/12/2013 | G19: 3/12/2013 | H19: 5/12/2015 | J19: 791 | L19: 30.00 | P19: Barbados Black Belly | R19: Auction | S19: Auction | T19: Auction | W19: m
C20: Frazzle | D20: Ewe | E20: S | F20: 9/12/2013 | G20: 3/3/2014 | H20: 5/20/2020 | J20: 2270 | P20: Auction Breed X Katahdin | R20: Auction | S20: Auction | T20: Auction
C21: Haley Lawson | D21: Ewe | E21: S | F21: 1/1/2019 | G21: 1/1/2019 | H21: 12/1/2020 | P21: 50% Cracker 50% Unknown | R21: X | S21: X | T21: Haley Lawson | U21: 1 | V21: 0 | W21: 1 | AD21: Slow growing.
C22: Sugar | D22: Ewe | E22: S | F22: 11/1/2014 | G22: 1/1/2019 | H22: 1/1/2019 | P22: 50% Katahdin 25% Barbados Black Belly 25% Auction Breed | R22: Clyde | S22: Hershey | T22: Greg | V22: 0 | W22: 0
C23: Deceased | D23: Ram | E23: S-D | F23: 4/10/2021 | G23: 4/10/2021 | H23: 4/10/2021 | I23: 0 | J23: 0 | K23: #REF! | P23: 37.5% St Augustine 62.5% katahdin | R23: Sir Loin | S23: Anna | T23: Ken
C24: Brownknee - 2 | D24: Ram | E24: S-D | F24: 4/24/2021 | G24: 4/24/2021 | H24: 4/24/2021 | I24: 0 | J24: 0 | K24: #REF! | O24: Yellow | P24: 54.75% St. Autustine 46.25% Katahdin | R24: Sir Loin | S24: Brownknee | T24: Ken
C25: Elsie | D25: Ewe | E25: P | F25: 1/1/2020 | G25: 4/1/2021 | I25: 57 | J25: 1742 | K25: #REF! | L25: 200.00
C26: Chipolte Spicy Boi (BT1) | D26: Ewe | E26: P | F26: 1/1/2020 | G26: 1/1/2020 | I26: 72 | J26: 2198 | K26: #REF! | L26: 0.00
C27: Kaladin | D27: Ewe | E27: P | F27: 1/1/2021 | G27: 1/6/2022 | I27: 48 | J27: 1462 | K27: #REF! | L27: 125.00 | P27: 50% Tunis 50% Cotswald | S27: Etta Lee
C28: Current Sheep | E28: Total Sheep | F28: Sold Sheep
A31: Current Sheep Count: | C31: 16 | E31: 27 | F31: 7
A32: 16
A35: Total CPD for ALL sheep:
A36: #REF!

Sheet WEIGHTS_30D_RAW_2022
A1: Sheep Name | C1: Gender | D1: Color | E1: Heart Girth | F1: Body Length | G1: Weight | H1: ADG | I1: Heart Girth | J1: Body Length | K1: Weight | L1: ADG | M1: HEART GIRTH x HEART GIRTH x BODY LENGTH / 300 = Weight
A2: Ewes | G2: 3-26-22 | K2: Date
A3: Serendipity | C3: e | D3: Black with white crown | E3: 15.25 | F3: 14.5 | G3: 11.24052083
A4: Black Beauty | C4: e | D4: Black with white speckles | E4: 23 | F4: 22 | G4: 38.79333333 | H4: 0.558
A6: Rams
A7: Black Rock (Elsie's Brother) | C7: r | D7: All black | E7: 23 | F7: 20 | G7: 35.26666667
A8: Spicy Boi (BT1) | C8: r | D8: Brn tips on ear | E8: 25.75 | F8: 23.5 | G8: 51.93989583 | H8: 0.774
A9: Black spot on ear | C9: E | E9: 33 | F9: 36.5 | G9: 132.495 | H9: 1.3
A31: 30 day Weights 2022

Sheet IMPORT_LOG_2026_01_07_V3
A1: Imported On | B1: File | C1: Type | D1: Parsed Name | E1: Tag | F1: Rows Added (PERF) | G1: Rows Added (MED) | H1: Note
A2: 2026-01-07 | B2: Manatee Creek - FM1.csv | C2: ANIMAL_CSV | D2: FM1 | F2: 0 | G2: 0 | H2: Imported & merged
A3: 2026-01-07 | B3: Manatee Creek - FM (E).csv | C3: ANIMAL_CSV | D3: FM | E3: Ga1568 | F3: 0 | G3: 0 | H3: Imported & merged
A4: 2026-01-07 | B4: Manatee Creek - Serendipity (E).csv | C4: ANIMAL_CSV | D4: Serendipity | F4: 0 | G4: 0 | H4: Imported & merged
A5: 2026-01-07 | B5: Manatee Creek - Pretzal (E).csv | C5: ANIMAL_CSV | D5: Pretzal | F5: 0 | G5: 0 | H5: Imported & merged
A6: 2026-01-07 | B6: Manatee Creek - 2022 30 day weights.csv | C6: RAW_TABLE | F6: 0 | G6: 0 | H6: Imported raw 30-day weights table
A7: 2026-01-07 | B7: Manatee Creek - Costs.csv | C7: RAW_TABLE | F7: 0 | G7: 0 | H7: Imported raw costs table

Sheet IMPORT_LOG_2026_01_07_V2
A1: Imported On | B1: File | C1: Parsed Name | D1: Tag | E1: Sex | F1: DOB | G1: Sire | H1: Dam | I1: BreedMix Sum | J1: Famacha Rows | K1: FEC Rows | L1: Note/Skip
A2: 2026-01-07 | B2: Manatee Creek - Banana.csv | C2: Banana | E2: E | G2: Sir Loin | H2: Anna | I2: 100 | J2: 0 | K2: 0 | L2: parsed
A3: 2026-01-07 | B3: Manatee Creek - Black Spot on Ear Daughter (e).csv | C3: Black Spot on Ear Daughter | E3: E | G3: Sir Loin | H3: BSOE | I3: 100 | J3: 0 | K3: 0 | L3: parsed
A4: 2026-01-07 | B4: Manatee Creek - Chipolte Spicy Boi BT1 (R).csv | C4: Chipoitle Spicy Boi (Bt1) | E4: R | F4: 2-7-22 | G4: Sir Loin | H4: Broken Tail | I4: 450 | J4: 0 | K4: 0 | L4: parsed
A5: 2026-01-07 | B5: Manatee Creek - Black Spot on Ear (E).csv | C5: Black Spot on Ear | E5: E | G5: Sir Loin | H5: Two Pence | I5: 100 | J5: 0 | K5: 0 | L5: parsed
A6: 2026-01-07 | B6: Manatee Creek - Broken Tail.csv | C6: Broken Tail | E6: E | G6: Sir Loin | H6: Half Tail | I6: 93.75 | J6: 0 | K6: 0 | L6: parsed
A7: 2026-01-07 | B7: Manatee Creek - Pretzal (E).csv | C7: Pretzal | E7: E | F7: 1-24-22 | G7: ? | H7: ? | J7: 0 | K7: 0 | L7: parsed
A8: 2026-01-07 | B8: Manatee Creek - Third Ewe (E).csv | C8: Third Ewe | E8: E | G8: Sir Loin | H8: Other Ewe | I8: 575 | J8: 0 | K8: 0 | L8: parsed
A9: 2026-01-07 | B9: Manatee Creek - S'more.csv | C9: S'More | E9: R | F9: 1-14-21 | I9: 100 | J9: 0 | K9: 0 | L9: parsed
A10: 2026-01-07 | B10: Manatee Creek - Banana Split (E).csv | C10: Black Spot on Ear Daughter | E10: E | G10: Sir Loin | H10: Black Spot on Ear | I10: 575 | J10: 0 | K10: 0 | L10: parsed
A11: 2026-01-07 | B11: Manatee Creek - FM (E).csv | C11: FM | D11: Ga1568 | E11: E | F11: 2-14-21 | G11: Tunis | H11: Cotswald | I11: 100 | J11: 0 | K11: 0 | L11: parsed
A12: 2026-01-07 | B12: Manatee Creek - FM1.csv | C12: FM1 | G12: Sir Loin | H12: FM | I12: 100 | J12: 0 | K12: 0 | L12: parsed
A13: 2026-01-07 | B13: Manatee Creek - Serendipity (E).csv | C13: Serendipity | E13: E | F13: 3-25-22 | G13: Sirloin | H13: Shaggy | I13: 100 | J13: 0 | K13: 0 | L13: parsed
A14: 2026-01-07 | B14: Manatee Creek - 2241 (e).csv | C14: 2241 | D14: 2241 | I14: 100 | J14: 1 | K14: 0 | L14: parsed
A15: 2026-01-07 | B15: Manatee Creek - OAV 2223 (r) (Kelsier).csv | C15: Oav 2223 | E15: R | F15: 12-21-22 | I15: 100 | J15: 0 | K15: 9 | L15: parsed
A16: 2026-01-07 | B16: Manatee Creek - GG (Gentle Giant).csv | C16: Fl51870 - 0502 (Pen 1-2) | E16: 0 | I16: 100 | J16: 1 | K16: 0 | L16: parsed
A17: 2026-01-07 | B17: Manatee Creek - Elsie (E).csv | C17: Elsie | E17: E | F17: 2-8-22 | G17: Well Done | H17: Halftail | I17: 100 | J17: 2 | K17: 0 | L17: parsed
A18: 2026-01-07 | B18: Manatee Creek - Buck (Kat x Awassi).csv | C18: Kat x awassi | I18: 100 | J18: 0 | K18: 0 | L18: parsed
A19: 2026-01-07 | B19: Manatee Creek - Serendipity.csv | C19: Serendipity | D19: 30 | G19: Sir Loin | H19: Shaggy | I19: 100 | J19: 1 | K19: 0 | L19: parsed
A20: 2026-01-07 | B20: Manatee Creek - Nori.csv | C20: Nori | E20: E | F20: ? | G20: 100% ABB | H20: 100% Wiltshire Horn | I20: 100 | J20: 0 | K20: 0 | L20: parsed
A21: 2026-01-07 | B21: Manatee Creek - OAV 2222(e).csv | C21: OAV 2222 | I21: 100 | J21: 1 | K21: 0 | L21: parsed
A22: 2026-01-07 | B22: Manatee Creek - Little Daisy(e).csv | F22: 3-23-23 | G22: Dodge | H22: Daisy | I22: 99.975 | J22: 0 | K22: 0 | L22: parsed
A23: 2026-01-07 | B23: Manatee Creek - 2022 30 day weights.csv | L23: SKIPPED: No (Name,Breed) header found
A24: 2026-01-07 | B24: Manatee Creek - Costs.csv | L24: SKIPPED: No (Name,Breed) header found

Sheet START_HERE
A1: Sheep Breeding Database (Template)
A3: Purpose
A4: Track animals, pedigrees, performance, parasite resilience, and hair/meat traits — then generate a safe, optimized mating plan (low inbreeding + lambing safety).
A6: How to use (recommended workflow)
A7: 1) Fill ANIMALS (one row per sheep). Use your own permanent AnimalID even if tags are missing.
A8: 2) Fill BREED_MIX using non‑zero breed %s (the superset list lives in BREED_SUPERSET).
A9: 3) Enter PERFORMANCE records (FAMACHA, FEC, DEWORM events, weights, shedding scores, etc.).
A10: 4) Optional: Enter MEDICAL events.
A11: 5) Set weights & safety rules in WEIGHTS_&_RULES (trait weights, inbreeding max, ewe‑lamb restrictions).
A12: 6) Review INDEX and PEN_STATS (auto-calculated).
A13: 7) Build your breeding assignments in MATING_PLAN. Paste pairwise relatedness/F_offspring in RELATIONSHIPS if available.
A15: Color legend
A16: Blue text | B16: Inputs you type/change
A17: Black text | B17: Formulas / calculated
A18: Light red fill | B18: Fails a safety rule (e.g., inbreeding cap, required fields missing)
A19: Light yellow fill | B19: Needs attention / missing data (not fatal)

Sheet IMPORT_LOG
A1: Imported On | B1: File | C1: Parsed Name | D1: Tag | E1: Sex | F1: DOB | G1: Sire | H1: Dam | I1: BreedMix Sum | J1: Famacha Rows | K1: FEC Rows | L1: Warnings
A2: 2026-01-06 | B2: Manatee Creek - 2241 (e).csv | C2: 2241 | D2: 2241 | I2: 100 | J2: 1 | K2: 0
A3: 2026-01-06 | B3: Manatee Creek - Buck (Kat x Awassi).csv | C3: Kat x awassi | I3: 100 | J3: 0 | K3: 0
A4: 2026-01-06 | B4: Manatee Creek - OAV 2223 (r) (Kelsier).csv | C4: Oav 2223 | E4: R | F4: 12-21-22 | I4: 100 | J4: 0 | K4: 9
A5: 2026-01-06 | B5: Manatee Creek - Broken Tail.csv | C5: Broken Tail | E5: E | G5: Sir Loin | H5: Half Tail | I5: 93.75 | J5: 0 | K5: 0
A6: 2026-01-06 | B6: Manatee Creek - GG (Gentle Giant).csv | C6: Fl51870 - 0502 (Pen 1-2) | E6: 0 | I6: 100 | J6: 0 | K6: 0
A7: 2026-01-06 | B7: Manatee Creek - OAV 2222(e).csv | C7: OAV 2222 | I7: 100 | J7: 0 | K7: 0
A8: 2026-01-06 | B8: Manatee Creek - Serendipity.csv | C8: Serendipity | D8: 30 | G8: Sir Loin | H8: Shaggy | I8: 100 | J8: 1 | K8: 0
A9: 2026-01-06 | B9: Manatee Creek - Nori.csv | C9: Nori | E9: E | F9: ? | G9: 100% ABB | H9: 100% Wiltshire Horn | I9: 100 | J9: 0 | K9: 0
A10: 2026-01-06 | B10: Manatee Creek - Elsie (E).csv | C10: Elsie | E10: E | F10: 2-8-22 | G10: Well Done | H10: Halftail | I10: 100 | J10: 2 | K10: 0
A11: 2026-01-06 | B11: Manatee Creek - Little Daisy(e).csv | F11: 3-23-23 | G11: Dodge | H11: Daisy | I11: 99.975 | J11: 0 | K11: 0

Sheet LIVING_ROSTER
A1: As Of | B1: Pen | C1: Group | D1: Display Name | E1: Tag/ID | F1: Sex | G1: Notes | H1: Needs Review?
A2: 2026-01-06 | B2: Pen 1 | C2: Ram | D2: 00110 | E2: 00110 | F2: R | G2: orange tag
A3: 2026-01-06 | B3: Pen 1 | C3: Ram | D3: Twin ram (brown & white) | F3: R | G3: no ID given | H3: missing tag/ID
A4: 2026-01-06 | B4: Pen 1 | C4: Ram | D4: Twin ram (black & white) | F4: R | G4: no ID given | H4: missing tag/ID
A5: 2026-01-06 | B5: Pen 1 | C5: Ewe | D5: 003 | E5: 003 | F5: E | G5: hair
A6: 2026-01-06 | B6: Pen 1 | C6: Ewe | D6: Azure | E6: 20 | F6: E | G6: also labeled Azure (20)
A7: 2026-01-06 | B7: Pen 1 | C7: Ewe | D7: 0044 | E7: 0044 | F7: E | G7: fluffy
A8: 2026-01-06 | B8: Pen 1 | C8: Ewe | D8: Charlie's ewe 2 | F8: E | G8: name-based ID needed | H8: missing tag/ID; assign house ID
A9: 2026-01-06 | B9: Pen 1 | C9: Ram lamb | D9: Ram lamb (brown & white) | F9: R | G9: no ID given | H9: missing tag/ID
A10: 2026-01-06 | B10: Pen 2 | C10: Ram | D10: Jerk Face | F10: R | G10: no tag | H10: missing tag/ID
A11: 2026-01-06 | B11: Pen 2 | C11: Ewe | D11: 0053 | E11: 0053 | F11: E | G11: hair
A12: 2026-01-06 | B12: Pen 2 | C12: Ewe | D12: 114 | E12: 114 | F12: E | G12: fawn; sister to 00110
A13: 2026-01-06 | B13: Pen 3 | C13: Ram | D13: Merrie | E13: 00016 | F13: R | G13: also referenced as Merrie (00016)
A14: 2026-01-06 | B14: Pen 3 | C14: Ram | D14: Charlie | F14: R | G14: no tag | H14: missing tag/ID
A15: 2026-01-06 | B15: Pen 3 | C15: Ewe | D15: Nori | E15: 0029 | F15: E | G15: tag 0029
A16: 2026-01-06 | B16: Pen 3 | C16: Ewe | D16: Broken Tail | F16: E | G16: tag lost | H16: missing tag/ID
A17: 2026-01-06 | B17: Pen 3 | C17: Ewe lamb | D17: Ewe lamb (Broken Tail x Charlie) #1 | F17: E | G17: twin | H17: missing tag/ID
A18: 2026-01-06 | B18: Pen 3 | C18: Ewe lamb | D18: Ewe lamb (Broken Tail x Charlie) #2 | F18: E | G18: twin | H18: missing tag/ID
A19: 2026-01-06 | B19: Pen 3 | C19: Ewe | D19: Charlie's ewe | F19: E | G19: name-based ID needed | H19: missing tag/ID; assign house ID
A20: 2026-01-06 | B20: Pen 3 | C20: Ewe lamb | D20: Ewe lamb (unidentified) | F20: E | G20: no ID given | H20: missing tag/ID
A21: 2026-01-06 | B21: Pen 4 | C21: Ewe | D21: 0023 | E21: 0023 | F21: E
A22: 2026-01-06 | B22: Pen 4 | C22: Ewe | D22: 0011 | E22: 0011 | F22: E | G22: wooly
A23: 2026-01-06 | B23: Pen 4 | C23: Ewe | D23: Gigi | F23: E | G23: no tag | H23: missing tag/ID
A24: 2026-01-06 | B24: Pen 4 | C24: Ewe | D24: Fms daughter | F24: E | G24: lost tag | H24: missing tag/ID
A25: 2026-01-06 | B25: Pen 4 | C25: Ewe | D25: Serendipity | F25: E | G25: no tag | H25: missing tag/ID
A26: 2026-01-06 | B26: Pen 4 | C26: Ram lamb | D26: Ram lamb (white) | F26: R | G26: no ID given | H26: missing tag/ID
A27: 2026-01-06 | B27: Pen 4 | C27: Ewe lamb | D27: Ewe lamb (black) | F27: E | G27: no ID given | H27: missing tag/ID
A28: 2026-01-06 | B28: Pen 4 | C28: Ewe | D28: 0051 | E28: 0051 | F28: E
A29: 2026-01-06 | B29: Pen 5 | C29: Ram | D29: 113 | E29: 113 | F29: R
A30: 2026-01-06 | B30: Pen 5 | C30: Ewe | D30: 02 | E30: 02 | F30: E
A31: 2026-01-06 | B31: Pen 5 | C31: Ewe | D31: 31 | E31: 31 | F31: E
A32: 2026-01-06 | B32: Pen 5 | C32: Unknown | D32: No-tag wooly fawn long-ears | G32: sex not stated | H32: missing tag/ID; missing sex
A33: 2026-01-06 | B33: Pen 6 | C33: Ram | D33: Mc08 | F33: R | G33: no tag in list | H33: missing tag/ID
A34: 2026-01-06 | B34: Pen 6 | C34: Ewe | D34: Elsie | F34: E | G34: no tag; recently triplets | H34: missing tag/ID
A35: 2026-01-06 | B35: Pen 6 | C35: Ewe lamb | D35: Ewe lamb (Elsie) white #1 | F35: E | G35: triplets 2026-01-06 | H35: missing tag/ID
A36: 2026-01-06 | B36: Pen 6 | C36: Ewe lamb | D36: Ewe lamb (Elsie) white #2 | F36: E | G36: triplets 2026-01-06 | H36: missing tag/ID
A37: 2026-01-06 | B37: Pen 6 | C37: Ram lamb | D37: Ram lamb (Elsie) black | F37: R | G37: triplets 2026-01-06 | H37: missing tag/ID
A38: 2026-01-06 | B38: Pen 6 | C38: Ewe | D38: 2139 | E38: 2139 | F38: E | G38: fat tail
A39: 2026-01-06 | B39: Pen 6 | C39: Ewe | D39: 0056 | E39: 0056 | F39: E | G39: fat tail
A40: 2026-01-06 | B40: Pen 6 | C40: Ewe | D40: 0055 | E40: 0055 | F40: E | G40: fat tail
A41: 2026-01-06 | B41: Pen 6 | C41: Unknown | D41: 2222 (OAV) - Kelsie's sister | E41: 2222 | G41: sex not stated | H41: missing sex
A42: 2026-01-06 | B42: Goose Pen | C42: Ram | D42: 09 | E42: 09 | F42: R | G42: Gigi's son
A43: 2026-01-06 | B43: Goose Pen | C43: Ram | D43: 06 | E43: 06 | F43: R | G43: white with tan knees
A44: 2026-01-06 | B44: Goose Pen | C44: Ram lamb | D44: Ram lamb (fawn to light tan) | F44: R | G44: no tag | H44: missing tag/ID
A45: 2026-01-06 | B45: Goose Pen | C45: Ewe | D45: 50 | E45: 50 | F45: E | G45: wooly tan
A46: 2026-01-06 | B46: Goose Pen | C46: Ewe | D46: 49 | E46: 49 | F46: E | G46: Lara's daughter
A47: 2026-01-06 | B47: Goose Pen | C47: Ewe | D47: White (hair ewe) | F47: E | G47: female hair sheep; no tag | H47: missing tag/ID
A48: 2026-01-06 | B48: Tree Fort | C48: Ram | D48: Buck | E48: 2433 | F48: R | G48: tag 2433
A49: 2026-01-06 | B49: Tree Fort | C49: Ewe | D49: 0035 | E49: 0035 | F49: E | G49: white tag; hair sheep (one of Sirloin's)
A50: 2026-01-06 | B50: Tree Fort | C50: Ewe | D50: Charlie's ewe 3 | F50: E | G50: name-based ID needed | H50: missing tag/ID; assign house ID
A51: 2026-01-06 | B51: Tree Fort | C51: Ewe lamb | D51: Ewe lamb (unidentified) | F51: E | G51: no ID given | H51: missing tag/ID
A52: 2026-01-06 | B52: Tree Fort | C52: Ewe | D52: 35 | E52: 35 | F52: E | G52: orange tag; hair/wool cross

Sheet ANIMALS
A1: AnimalID* | B1: Display Name | C1: Tag # | D1: Sex (E/R/W) | E1: DOB | F1: BirthYear | G1: AgeClass | H1: Pen/Group | I1: Status | J1: SireID | K1: DamID | L1: Received From | M1: Date Acquired | N1: Date Removed | O1: % Hair (calc) | P1: Expected wt (EWE, lb) (calc) | Q1: Expected wt (RAM, lb) (calc) | R1: Primary Breed (calc) | S1: Pedigree completeness (calc) | T1: Notes
A2: TAG_00110 | B2: 00110 | C2: 00110 | D2: R | F2: =IF($E2="","",YEAR($E2)) | G2: =IF($E2="","",IF(('WEIGHTS_&_RULES'!$B$3-$E2)<365,"Lamb",IF(('WEIGHTS_&_RULES'!$B$3-$E2)<730,"Yearling","Adult"))) | H2: Pen 1 | I2: Active | O2: =IFERROR(VLOOKUP($A2,BREED_MIX!$A$2:$AB$61,2,FALSE),"") | P2: =IFERROR(VLOOKUP($A2,BREED_MIX!$A$2:$AB$61,25,FALSE),"") | Q2: =IFERROR(VLOOKUP($A2,BREED_MIX!$A$2:$AB$61,26,FALSE),"") | R2: =IFERROR(VLOOKUP($A2,BREED_MIX!$A$2:$AB$61,27,FALSE),"") | S2: =IF($A2="","",IF(AND($J2<>"",$K2<>""),2,IF(OR($J2<>"",$K2<>""),1,0))) | T2: orange tag
A3: P1_TWIN_RAM_BROWNWHITE | B3: Twin ram (brown & white) | D3: R | F3: =IF($E3="","",YEAR($E3)) | G3: =IF($E3="","",IF(('WEIGHTS_&_RULES'!$B$3-$E3)<365,"Lamb",IF(('WEIGHTS_&_RULES'!$B$3-$E3)<730,"Yearling","Adult"))) | H3: Pen 1 | I3: Active | O3: =IFERROR(VLOOKUP($A3,BREED_MIX!$A$2:$AB$61,2,FALSE),"") | P3: =IFERROR(VLOOKUP($A3,BREED_MIX!$A$2:$AB$61,25,FALSE),"") | Q3: =IFERROR(VLOOKUP($A3,BREED_MIX!$A$2:$AB$61,26,FALSE),"") | R3: =IFERROR(VLOOKUP($A3,BREED_MIX!$A$2:$AB$61,27,FALSE),"") | S3: =IF($A3="","",IF(AND($J3<>"",$K3<>""),2,IF(OR($J3<>"",$K3<>""),1,0))) | T3: no ID
A4: P1_TWIN_RAM_BLACKWHITE | B4: Twin ram (black & white) | D4: R | F4: =IF($E4="","",YEAR($E4)) | G4: =IF($E4="","",IF(('WEIGHTS_&_RULES'!$B$3-$E4)<365,"Lamb",IF(('WEIGHTS_&_RULES'!$B$3-$E4)<730,"Yearling","Adult"))) | H4: Pen 1 | I4: Active | O4: =IFERROR(VLOOKUP($A4,BREED_MIX!$A$2:$AB$61,2,FALSE),"") | P4: =IFERROR(VLOOKUP($A4,BREED_MIX!$A$2:$AB$61,25,FALSE),"") | Q4: =IFERROR(VLOOKUP($A4,BREED_MIX!$A$2:$AB$61,26,FALSE),"") | R4: =IFERROR(VLOOKUP($A4,BREED_MIX!$A$2:$AB$61,27,FALSE),"") | S4: =IF($A4="","",IF(AND($J4<>"",$K4<>""),2,IF(OR($J4<>"",$K4<>""),1,0))) | T4: no ID
A5: TAG_0003 | B5: 003 | C5: 003 | D5: E | F5: =IF($E5="","",YEAR($E5)) | G5: =IF($E5="","",IF(('WEIGHTS_&_RULES'!$B$3-$E5)<365,"Lamb",IF(('WEIGHTS_&_RULES'!$B$3-$E5)<730,"Yearling","Adult"))) | H5: Pen 1 | I5: Active | O5: =IFERROR(VLOOKUP($A5,BREED_MIX!$A$2:$AB$61,2,FALSE),"") | P5: =IFERROR(VLOOKUP($A5,BREED_MIX!$A$2:$AB$61,25,FALSE),"") | Q5: =IFERROR(VLOOKUP($A5,BREED_MIX!$A$2:$AB$61,26,FALSE),"") | R5: =IFERROR(VLOOKUP($A5,BREED_MIX!$A$2:$AB$61,27,FALSE),"") | S5: =IF($A5="","",IF(AND($J5<>"",$K5<>""),2,IF(OR($J5<>"",$K5<>""),1,0))) | T5: hair
A6: AZURE_0020 | B6: Azure | C6: 20 | D6: E | F6: =IF($E6="","",YEAR($E6)) | G6: =IF($E6="","",IF(('WEIGHTS_&_RULES'!$B$3-$E6)<365,"Lamb",IF(('WEIGHTS_&_RULES'!$B$3-$E6)<730,"Yearling","Adult"))) | H6: Pen 1 | I6: Active | O6: =IFERROR(VLOOKUP($A6,BREED_MIX!$A$2:$AB$61,2,FALSE),"") | P6: =IFERROR(VLOOKUP($A6,BREED_MIX!$A$2:$AB$61,25,FALSE),"") | Q6: =IFERROR(VLOOKUP($A6,BREED_MIX!$A$2:$AB$61,26,FALSE),"") | R6: =IFERROR(VLOOKUP($A6,BREED_MIX!$A$2:$AB$61,27,FALSE),"") | S6: =IF($A6="","",IF(AND($J6<>"",$K6<>""),2,IF(OR($J6<>"",$K6<>""),1,0))) | T6: Azure (20)
A7: TAG_0044 | B7: 0044 | C7: 0044 | D7: E | F7: =IF($E7="","",YEAR($E7)) | G7: =IF($E7="","",IF(('WEIGHTS_&_RULES'!$B$3-$E7)<365,"Lamb",IF(('WEIGHTS_&_RULES'!$B$3-$E7)<730,"Yearling","Adult"))) | H7: Pen 1 | I7: Active | O7: =IFERROR(VLOOKUP($A7,BREED_MIX!$A$2:$AB$61,2,FALSE),"") | P7: =IFERROR(VLOOKUP($A7,BREED_MIX!$A$2:$AB$61,25,FALSE),"") | Q7: =IFERROR(VLOOKUP($A7,BREED_MIX!$A$2:$AB$61,26,FALSE),"") | R7: =IFERROR(VLOOKUP($A7,BREED_MIX!$A$2:$AB$61,27,FALSE),"") | S7: =IF($A7="","",IF(AND($J7<>"",$K7<>""),2,IF(OR($J7<>"",$K7<>""),1,0))) | T7: fluffy
A8: CHARLIES_EWE_2 | B8: Charlie's ewe 2 | D8: E | F8: =IF($E8="","",YEAR($E8)) | G8: =IF($E8="","",IF(('WEIGHTS_&_RULES'!$B$3-$E8)<365,"Lamb",IF(('WEIGHTS_&_RULES'!$B$3-$E8)<730,"Yearling","Adult"))) | H8: Pen 1 | I8: Active | O8: =IFERROR(VLOOKUP($A8,BREED_MIX!$A$2:$AB$61,2,FALSE),"") | P8: =IFERROR(VLOOKUP($A8,BREED_MIX!$A$2:$AB$61,25,FALSE),"") | Q8: =IFERROR(VLOOKUP($A8,BREED_MIX!$A$2:$AB$61,26,FALSE),"") | R8: =IFERROR(VLOOKUP($A8,BREED_MIX!$A$2:$AB$61,27,FALSE),"") | S8: =IF($A8="","",IF(AND($J8<>"",$K8<>""),2,IF(OR($J8<>"",$K8<>""),1,0))) | T8: no tag
A9: P1_RAM_LAMB_BROWNWHITE_01 | B9: Ram lamb (brown & white) | D9: R | F9: =IF($E9="","",YEAR($E9)) | G9: =IF($E9="","",IF(('WEIGHTS_&_RULES'!$B$3-$E9)<365,"Lamb",IF(('WEIGHTS_&_RULES'!$B$3-$E9)<730,"Yearling","Adult"))) | H9: Pen 1 | I9: Active | O9: =IFERROR(VLOOKUP($A9,BREED_MIX!$A$2:$AB$61,2,FALSE),"") | P9: =IFERROR(VLOOKUP($A9,BREED_MIX!$A$2:$AB$61,25,FALSE),"") | Q9: =IFERROR(VLOOKUP($A9,BREED_MIX!$A$2:$AB$61,26,FALSE),"") | R9: =IFERROR(VLOOKUP($A9,BREED_MIX!$A$2:$AB$61,27,FALSE),"") | S9: =IF($A9="","",IF(AND($J9<>"",$K9<>""),2,IF(OR($J9<>"",$K9<>""),1,0))) | T9: no ID
A10: JERK_FACE | B10: Jerk Face | D10: R | F10: =IF($E10="","",YEAR($E10)) | G10: =IF($E10="","",IF(('WEIGHTS_&_RULES'!$B$3-$E10)<365,"Lamb",IF(('WEIGHTS_&_RULES'!$B$3-$E10)<730,"Yearling","Adult"))) | H10: Pen 2 | I10: Active | O10: =IFERROR(VLOOKUP($A10,BREED_MIX!$A$2:$AB$61,2,FALSE),"") | P10: =IFERROR(VLOOKUP($A10,BREED_MIX!$A$2:$AB$61,25,FALSE),"") | Q10: =IFERROR(VLOOKUP($A10,BREED_MIX!$A$2:$AB$61,26,FALSE),"") | R10: =IFERROR(VLOOKUP($A10,BREED_MIX!$A$2:$AB$61,27,FALSE),"") | S10: =IF($A10="","",IF(AND($J10<>"",$K10<>""),2,IF(OR($J10<>"",$K10<>""),1,0))) | T10: no tag
A11: TAG_0053 | B11: 0053 | C11: 0053 | D11: E | F11: =IF($E11="","",YEAR($E11)) | G11: =IF($E11="","",IF(('WEIGHTS_&_RULES'!$B$3-$E11)<365,"Lamb",IF(('WEIGHTS_&_RULES'!$B$3-$E11)<730,"Yearling","Adult"))) | H11: Pen 2 | I11: Active | O11: =IFERROR(VLOOKUP($A11,BREED_MIX!$A$2:$AB$61,2,FALSE),"") | P11: =IFERROR(VLOOKUP($A11,BREED_MIX!$A$2:$AB$61,25,FALSE),"") | Q11: =IFERROR(VLOOKUP($A11,BREED_MIX!$A$2:$AB$61,26,FALSE),"") | R11: =IFERROR(VLOOKUP($A11,BREED_MIX!$A$2:$AB$61,27,FALSE),"") | S11: =IF($A11="","",IF(AND($J11<>"",$K11<>""),2,IF(OR($J11<>"",$K11<>""),1,0))) | T11: hair
A12: TAG_0114 | B12: 114 | C12: 114 | D12: E | F12: =IF($E12="","",YEAR($E12)) | G12: =IF($E12="","",IF(('WEIGHTS_&_RULES'!$B$3-$E12)<365,"Lamb",IF(('WEIGHTS_&_RULES'!$B$3-$E12)<730,"Yearling","Adult"))) | H12: Pen 2 | I12: Active | O12: =IFERROR(VLOOKUP($A12,BREED_MIX!$A$2:$AB$61,2,FALSE),"") | P12: =IFERROR(VLOOKUP($A12,BREED_MIX!$A$2:$AB$61,25,FALSE),"") | Q12: =IFERROR(VLOOKUP($A12,BREED_MIX!$A$2:$AB$61,26,FALSE),"") | R12: =IFERROR(VLOOKUP($A12,BREED_MIX!$A$2:$AB$61,27,FALSE),"") | S12: =IF($A12="","",IF(AND($J12<>"",$K12<>""),2,IF(OR($J12<>"",$K12<>""),1,0))) | T12: fawn; sister to 00110
A13: MERRIE | B13: Merrie | C13: 00016 | D13: R | F13: =IF($E13="","",YEAR($E13)) | G13: =IF($E13="","",IF(('WEIGHTS_&_RULES'!$B$3-$E13)<365,"Lamb",IF(('WEIGHTS_&_RULES'!$B$3-$E13)<730,"Yearling","Adult"))) | H13: Pen 3 | I13: Active | J13: SMORE | K13: HALFTAIL | O13: =IFERROR(VLOOKUP($A13,BREED_MIX!$A$2:$AB$61,2,FALSE),"") | P13: =IFERROR(VLOOKUP($A13,BREED_MIX!$A$2:$AB$61,25,FALSE),"") | Q13: =IFERROR(VLOOKUP($A13,BREED_MIX!$A$2:$AB$61,26,FALSE),"") | R13: =IFERROR(VLOOKUP($A13,BREED_MIX!$A$2:$AB$61,27,FALSE),"") | S13: =IF($A13="","",IF(AND($J13<>"",$K13<>""),2,IF(OR($J13<>"",$K13<>""),1,0)))
A14: CHARLIE | B14: Charlie | D14: R | F14: =IF($E14="","",YEAR($E14)) | G14: =IF($E14="","",IF(('WEIGHTS_&_RULES'!$B$3-$E14)<365,"Lamb",IF(('WEIGHTS_&_RULES'!$B$3-$E14)<730,"Yearling","Adult"))) | H14: Pen 3 | I14: Active | O14: =IFERROR(VLOOKUP($A14,BREED_MIX!$A$2:$AB$61,2,FALSE),"") | P14: =IFERROR(VLOOKUP($A14,BREED_MIX!$A$2:$AB$61,25,FALSE),"") | Q14: =IFERROR(VLOOKUP($A14,BREED_MIX!$A$2:$AB$61,26,FALSE),"") | R14: =IFERROR(VLOOKUP($A14,BREED_MIX!$A$2:$AB$61,27,FALSE),"") | S14: =IF($A14="","",IF(AND($J14<>"",$K14<>""),2,IF(OR($J14<>"",$K14<>""),1,0))) | T14: no tag
A15: NORI_0029 | B15: Nori | C15: 0029 | D15: E | E15: ? | F15: =IF($E15="","",YEAR($E15)) | G15: =IF($E15="","",IF(('WEIGHTS_&_RULES'!$B$3-$E15)<365,"Lamb",IF(('WEIGHTS_&_RULES'!$B$3-$E15)<730,"Yearling","Adult"))) | H15: Pen 3 | I15: Active | J15: 100% ABB | K15: 100% Wiltshire Horn | O15: =IFERROR(VLOOKUP($A15,BREED_MIX!$A$2:$AB$61,2,FALSE),"") | P15: =IFERROR(VLOOKUP($A15,BREED_MIX!$A$2:$AB$61,25,FALSE),"") | Q15: =IFERROR(VLOOKUP($A15,BREED_MIX!$A$2:$AB$61,26,FALSE),"") | R15: =IFERROR(VLOOKUP($A15,BREED_MIX!$A$2:$AB$61,27,FALSE),"") | S15: =IF($A15="","",IF(AND($J15<>"",$K15<>""),2,IF(OR($J15<>"",$K15<>""),1,0))) | T15: Nori (0029)
A16: BROKEN_TAIL | B16: Broken Tail | D16: E | F16: =IF($E16="","",YEAR($E16)) | G16: =IF($E16="","",IF(('WEIGHTS_&_RULES'!$B$3-$E16)<365,"Lamb",IF(('WEIGHTS_&_RULES'!$B$3-$E16)<730,"Yearling","Adult"))) | H16: Pen 3 | I16: Active | J16: SIRLOIN | K16: HALFTAIL | O16: =IFERROR(VLOOKUP($A16,BREED_MIX!$A$2:$AB$61,2,FALSE),"") | P16: =IFERROR(VLOOKUP($A16,BREED_MIX!$A$2:$AB$61,25,FALSE),"") | Q16: =IFERROR(VLOOKUP($A16,BREED_MIX!$A$2:$AB$61,26,FALSE),"") | R16: =IFERROR(VLOOKUP($A16,BREED_MIX!$A$2:$AB$61,27,FALSE),"") | S16: =IF($A16="","",IF(AND($J16<>"",$K16<>""),2,IF(OR($J16<>"",$K16<>""),1,0))) | T16: tag lost
A17: BTXC_TWIN_EWE_1 | B17: BT x Charlie twin ewe lamb #1 | D17: E | F17: =IF($E17="","",YEAR($E17)) | G17: =IF($E17="","",IF(('WEIGHTS_&_RULES'!$B$3-$E17)<365,"Lamb",IF(('WEIGHTS_&_RULES'!$B$3-$E17)<730,"Yearling","Adult"))) | H17: Pen 3 | I17: Inactive (not on 2026-01-06 living roster) | J17: CHARLIE | K17: BROKEN_TAIL | O17: =IFERROR(VLOOKUP($A17,BREED_MIX!$A$2:$AB$61,2,FALSE),"") | P17: =IFERROR(VLOOKUP($A17,BREED_MIX!$A$2:$AB$61,25,FALSE),"") | Q17: =IFERROR(VLOOKUP($A17,BREED_MIX!$A$2:$AB$61,26,FALSE),"") | R17: =IFERROR(VLOOKUP($A17,BREED_MIX!$A$2:$AB$61,27,FALSE),"") | S17: =IF($A17="","",IF(AND($J17<>"",$K17<>""),2,IF(OR($J17<>"",$K17<>""),1,0))) | T17: Broken Tail x Charlie; twin
A18: BTXC_TWIN_EWE_2 | B18: BT x Charlie twin ewe lamb #2 | D18: E | F18: =IF($E18="","",YEAR($E18)) | G18: =IF($E18="","",IF(('WEIGHTS_&_RULES'!$B$3-$E18)<365,"Lamb",IF(('WEIGHTS_&_RULES'!$B$3-$E18)<730,"Yearling","Adult"))) | H18: Pen 3 | I18: Inactive (not on 2026-01-06 living roster) | J18: CHARLIE | K18: BROKEN_TAIL | O18: =IFERROR(VLOOKUP($A18,BREED_MIX!$A$2:$AB$61,2,FALSE),"") | P18: =IFERROR(VLOOKUP($A18,BREED_MIX!$A$2:$AB$61,25,FALSE),"") | Q18: =IFERROR(VLOOKUP($A18,BREED_MIX!$A$2:$AB$61,26,FALSE),"") | R18: =IFERROR(VLOOKUP($A18,BREED_MIX!$A$2:$AB$61,27,FALSE),"") | S18: =IF($A18="","",IF(AND($J18<>"",$K18<>""),2,IF(OR($J18<>"",$K18<>""),1,0))) | T18: Broken Tail x Charlie; twin
A19: CHARLIES_EWE_1 | B19: Charlie's ewe | D19: E | F19: =IF($E19="","",YEAR($E19)) | G19: =IF($E19="","",IF(('WEIGHTS_&_RULES'!$B$3-$E19)<365,"Lamb",IF(('WEIGHTS_&_RULES'!$B$3-$E19)<730,"Yearling","Adult"))) | H19: Pen 3 | I19: Active | O19: =IFERROR(VLOOKUP($A19,BREED_MIX!$A$2:$AB$61,2,FALSE),"") | P19: =IFERROR(VLOOKUP($A19,BREED_MIX!$A$2:$AB$61,25,FALSE),"") | Q19: =IFERROR(VLOOKUP($A19,BREED_MIX!$A$2:$AB$61,26,FALSE),"") | R19: =IFERROR(VLOOKUP($A19,BREED_MIX!$A$2:$AB$61,27,FALSE),"") | S19: =IF($A19="","",IF(AND($J19<>"",$K19<>""),2,IF(OR($J19<>"",$K19<>""),1,0))) | T19: no tag
A20: P3_EWE_LAMB_01 | B20: Ewe lamb (unknown) | D20: E | F20: =IF($E20="","",YEAR($E20)) | G20: =IF($E20="","",IF(('WEIGHTS_&_RULES'!$B$3-$E20)<365,"Lamb",IF(('WEIGHTS_&_RULES'!$B$3-$E20)<730,"Yearling","Adult"))) | H20: Pen 3 | I20: Inactive (not on 2026-01-06 living roster) | O20: =IFERROR(VLOOKUP($A20,BREED_MIX!$A$2:$AB$61,2,FALSE),"") | P20: =IFERROR(VLOOKUP($A20,BREED_MIX!$A$2:$AB$61,25,FALSE),"") | Q20: =IFERROR(VLOOKUP($A20,BREED_MIX!$A$2:$AB$61,26,FALSE),"") | R20: =IFERROR(VLOOKUP($A20,BREED_MIX!$A$2:$AB$61,27,FALSE),"") | S20: =IF($A20="","",IF(AND($J20<>"",$K20<>""),2,IF(OR($J20<>"",$K20<>""),1,0))) | T20: no tag
A21: TAG_0023 | B21: 0023 | C21: 0023 | D21: E | F21: =IF($E21="","",YEAR($E21)) | G21: =IF($E21="","",IF(('WEIGHTS_&_RULES'!$B$3-$E21)<365,"Lamb",IF(('WEIGHTS_&_RULES'!$B$3-$E21)<730,"Yearling","Adult"))) | H21: Pen 4 | I21: Active | O21: =IFERROR(VLOOKUP($A21,BREED_MIX!$A$2:$AB$61,2,FALSE),"") | P21: =IFERROR(VLOOKUP($A21,BREED_MIX!$A$2:$AB$61,25,FALSE),"") | Q21: =IFERROR(VLOOKUP($A21,BREED_MIX!$A$2:$AB$61,26,FALSE),"") | R21: =IFERROR(VLOOKUP($A21,BREED_MIX!$A$2:$AB$61,27,FALSE),"") | S21: =IF($A21="","",IF(AND($J21<>"",$K21<>""),2,IF(OR($J21<>"",$K21<>""),1,0)))
A22: TAG_0011 | B22: 0011 | C22: 0011 | D22: E | F22: =IF($E22="","",YEAR($E22)) | G22: =IF($E22="","",IF(('WEIGHTS_&_RULES'!$B$3-$E22)<365,"Lamb",IF(('WEIGHTS_&_RULES'!$B$3-$E22)<730,"Yearling","Adult"))) | H22: Pen 4 | I22: Active | O22: =IFERROR(VLOOKUP($A22,BREED_MIX!$A$2:$AB$61,2,FALSE),"") | P22: =IFERROR(VLOOKUP($A22,BREED_MIX!$A$2:$AB$61,25,FALSE),"") | Q22: =IFERROR(VLOOKUP($A22,BREED_MIX!$A$2:$AB$61,26,FALSE),"") | R22: =IFERROR(VLOOKUP($A22,BREED_MIX!$A$2:$AB$61,27,FALSE),"") | S22: =IF($A22="","",IF(AND($J22<>"",$K22<>""),2,IF(OR($J22<>"",$K22<>""),1,0))) | T22: wooly
A23: GIGI | B23: Gigi | D23: E | F23: =IF($E23="","",YEAR($E23)) | G23: =IF($E23="","",IF(('WEIGHTS_&_RULES'!$B$3-$E23)<365,"Lamb",IF(('WEIGHTS_&_RULES'!$B$3-$E23)<730,"Yearling","Adult"))) | H23: Pen 4 | I23: Active | O23: =IFERROR(VLOOKUP($A23,BREED_MIX!$A$2:$AB$61,2,FALSE),"") | P23: =IFERROR(VLOOKUP($A23,BREED_MIX!$A$2:$AB$61,25,FALSE),"") | Q23: =IFERROR(VLOOKUP($A23,BREED_MIX!$A$2:$AB$61,26,FALSE),"") | R23: =IFERROR(VLOOKUP($A23,BREED_MIX!$A$2:$AB$61,27,FALSE),"") | S23: =IF($A23="","",IF(AND($J23<>"",$K23<>""),2,IF(OR($J23<>"",$K23<>""),1,0))) | T23: no tag
A24: FMS_DAUGHTER | B24: Fms daughter | D24: E | F24: =IF($E24="","",YEAR($E24)) | G24: =IF($E24="","",IF(('WEIGHTS_&_RULES'!$B$3-$E24)<365,"Lamb",IF(('WEIGHTS_&_RULES'!$B$3-$E24)<730,"Yearling","Adult"))) | H24: Pen 4 | I24: Active | O24: =IFERROR(VLOOKUP($A24,BREED_MIX!$A$2:$AB$61,2,FALSE),"") | P24: =IFERROR(VLOOKUP($A24,BREED_MIX!$A$2:$AB$61,25,FALSE),"") | Q24: =IFERROR(VLOOKUP($A24,BREED_MIX!$A$2:$AB$61,26,FALSE),"") | R24: =IFERROR(VLOOKUP($A24,BREED_MIX!$A$2:$AB$61,27,FALSE),"") | S24: =IF($A24="","",IF(AND($J24<>"",$K24<>""),2,IF(OR($J24<>"",$K24<>""),1,0))) | T24: lost tag
A25: SERENDIPITY | B25: Serendipity | C25: 30 | D25: E | E25: 3-25-22 | F25: =IF($E25="","",YEAR($E25)) | G25: =IF($E25="","",IF(('WEIGHTS_&_RULES'!$B$3-$E25)<365,"Lamb",IF(('WEIGHTS_&_RULES'!$B$3-$E25)<730,"Yearling","Adult"))) | H25: Pen 4 | I25: Active | J25: Sirloin | K25: SHAGGY | O25: =IFERROR(VLOOKUP($A25,BREED_MIX!$A$2:$AB$61,2,FALSE),"") | P25: =IFERROR(VLOOKUP($A25,BREED_MIX!$A$2:$AB$61,25,FALSE),"") | Q25: =IFERROR(VLOOKUP($A25,BREED_MIX!$A$2:$AB$61,26,FALSE),"") | R25: =IFERROR(VLOOKUP($A25,BREED_MIX!$A$2:$AB$61,27,FALSE),"") | S25: =IF($A25="","",IF(AND($J25<>"",$K25<>""),2,IF(OR($J25<>"",$K25<>""),1,0))) | T25: no tag
A26: P4_RAM_LAMB_WHITE_01 | B26: Ram lamb (white) | D26: R | F26: =IF($E26="","",YEAR($E26)) | G26: =IF($E26="","",IF(('WEIGHTS_&_RULES'!$B$3-$E26)<365,"Lamb",IF(('WEIGHTS_&_RULES'!$B$3-$E26)<730,"Yearling","Adult"))) | H26: Pen 4 | I26: Active | O26: =IFERROR(VLOOKUP($A26,BREED_MIX!$A$2:$AB$61,2,FALSE),"") | P26: =IFERROR(VLOOKUP($A26,BREED_MIX!$A$2:$AB$61,25,FALSE),"") | Q26: =IFERROR(VLOOKUP($A26,BREED_MIX!$A$2:$AB$61,26,FALSE),"") | R26: =IFERROR(VLOOKUP($A26,BREED_MIX!$A$2:$AB$61,27,FALSE),"") | S26: =IF($A26="","",IF(AND($J26<>"",$K26<>""),2,IF(OR($J26<>"",$K26<>""),1,0))) | T26: no ID
A27: P4_EWE_LAMB_BLACK_01 | B27: Ewe lamb (black) | D27: E | F27: =IF($E27="","",YEAR($E27)) | G27: =IF($E27="","",IF(('WEIGHTS_&_RULES'!$B$3-$E27)<365,"Lamb",IF(('WEIGHTS_&_RULES'!$B$3-$E27)<730,"Yearling","Adult"))) | H27: Pen 4 | I27: Active | O27: =IFERROR(VLOOKUP($A27,BREED_MIX!$A$2:$AB$61,2,FALSE),"") | P27: =IFERROR(VLOOKUP($A27,BREED_MIX!$A$2:$AB$61,25,FALSE),"") | Q27: =IFERROR(VLOOKUP($A27,BREED_MIX!$A$2:$AB$61,26,FALSE),"") | R27: =IFERROR(VLOOKUP($A27,BREED_MIX!$A$2:$AB$61,27,FALSE),"") | S27: =IF($A27="","",IF(AND($J27<>"",$K27<>""),2,IF(OR($J27<>"",$K27<>""),1,0))) | T27: no ID
A28: TAG_0051 | B28: 0051 | C28: 0051 | D28: E | F28: =IF($E28="","",YEAR($E28)) | G28: =IF($E28="","",IF(('WEIGHTS_&_RULES'!$B$3-$E28)<365,"Lamb",IF(('WEIGHTS_&_RULES'!$B$3-$E28)<730,"Yearling","Adult"))) | H28: Pen 4 | I28: Active | O28: =IFERROR(VLOOKUP($A28,BREED_MIX!$A$2:$AB$61,2,FALSE),"") | P28: =IFERROR(VLOOKUP($A28,BREED_MIX!$A$2:$AB$61,25,FALSE),"") | Q28: =IFERROR(VLOOKUP($A28,BREED_MIX!$A$2:$AB$61,26,FALSE),"") | R28: =IFERROR(VLOOKUP($A28,BREED_MIX!$A$2:$AB$61,27,FALSE),"") | S28: =IF($A28="","",IF(AND($J28<>"",$K28<>""),2,IF(OR($J28<>"",$K28<>""),1,0)))
A29: TAG_0113 | B29: 113 | C29: 113 | D29: R | F29: =IF($E29="","",YEAR($E29)) | G29: =IF($E29="","",IF(('WEIGHTS_&_RULES'!$B$3-$E29)<365,"Lamb",IF(('WEIGHTS_&_RULES'!$B$3-$E29)<730,"Yearling","Adult"))) | H29: Pen 5 | I29: Active | O29: =IFERROR(VLOOKUP($A29,BREED_MIX!$A$2:$AB$61,2,FALSE),"") | P29: =IFERROR(VLOOKUP($A29,BREED_MIX!$A$2:$AB$61,25,FALSE),"") | Q29: =IFERROR(VLOOKUP($A29,BREED_MIX!$A$2:$AB$61,26,FALSE),"") | R29: =IFERROR(VLOOKUP($A29,BREED_MIX!$A$2:$AB$61,27,FALSE),"") | S29: =IF($A29="","",IF(AND($J29<>"",$K29<>""),2,IF(OR($J29<>"",$K29<>""),1,0)))
A30: TAG_0002 | B30: 02 | C30: 02 | D30: E | F30: =IF($E30="","",YEAR($E30)) | G30: =IF($E30="","",IF(('WEIGHTS_&_RULES'!$B$3-$E30)<365,"Lamb",IF(('WEIGHTS_&_RULES'!$B$3-$E30)<730,"Yearling","Adult"))) | H30: Pen 5 | I30: Active | O30: =IFERROR(VLOOKUP($A30,BREED_MIX!$A$2:$AB$61,2,FALSE),"") | P30: =IFERROR(VLOOKUP($A30,BREED_MIX!$A$2:$AB$61,25,FALSE),"") | Q30: =IFERROR(VLOOKUP($A30,BREED_MIX!$A$2:$AB$61,26,FALSE),"") | R30: =IFERROR(VLOOKUP($A30,BREED_MIX!$A$2:$AB$61,27,FALSE),"") | S30: =IF($A30="","",IF(AND($J30<>"",$K30<>""),2,IF(OR($J30<>"",$K30<>""),1,0)))
A31: TAG_0031 | B31: 31 | C31: 31 | D31: E | F31: =IF($E31="","",YEAR($E31)) | G31: =IF($E31="","",IF(('WEIGHTS_&_RULES'!$B$3-$E31)<365,"Lamb",IF(('WEIGHTS_&_RULES'!$B$3-$E31)<730,"Yearling","Adult"))) | H31: Pen 5 | I31: Active | O31: =IFERROR(VLOOKUP($A31,BREED_MIX!$A$2:$AB$61,2,FALSE),"") | P31: =IFERROR(VLOOKUP($A31,BREED_MIX!$A$2:$AB$61,25,FALSE),"") | Q31: =IFERROR(VLOOKUP($A31,BREED_MIX!$A$2:$AB$61,26,FALSE),"") | R31: =IFERROR(VLOOKUP($A31,BREED_MIX!$A$2:$AB$61,27,FALSE),"") | S31: =IF($A31="","",IF(AND($J31<>"",$K31<>""),2,IF(OR($J31<>"",$K31<>""),1,0)))
A32: P5_WOOLY_FAWN_LONGEARS_UNK | B32: (no tag) wooly fawn long ears | F32: =IF($E32="","",YEAR($E32)) | G32: =IF($E32="","",IF(('WEIGHTS_&_RULES'!$B$3-$E32)<365,"Lamb",IF(('WEIGHTS_&_RULES'!$B$3-$E32)<730,"Yearling","Adult"))) | H32: Pen 5 | I32: Inactive (not on 2026-01-06 living roster) | O32: =IFERROR(VLOOKUP($A32,BREED_MIX!$A$2:$AB$61,2,FALSE),"") | P32: =IFERROR(VLOOKUP($A32,BREED_MIX!$A$2:$AB$61,25,FALSE),"") | Q32: =IFERROR(VLOOKUP($A32,BREED_MIX!$A$2:$AB$61,26,FALSE),"") | R32: =IFERROR(VLOOKUP($A32,BREED_MIX!$A$2:$AB$61,27,FALSE),"") | S32: =IF($A32="","",IF(AND($J32<>"",$K32<>""),2,IF(OR($J32<>"",$K32<>""),1,0))) | T32: sex not stated
A33: MC08 | B33: Mc08 | C33: Mc08 | D33: R | F33: =IF($E33="","",YEAR($E33)) | G33: =IF($E33="","",IF(('WEIGHTS_&_RULES'!$B$3-$E33)<365,"Lamb",IF(('WEIGHTS_&_RULES'!$B$3-$E33)<730,"Yearling","Adult"))) | H33: Pen 6 | I33: Active | O33: =IFERROR(VLOOKUP($A33,BREED_MIX!$A$2:$AB$61,2,FALSE),"") | P33: =IFERROR(VLOOKUP($A33,BREED_MIX!$A$2:$AB$61,25,FALSE),"") | Q33: =IFERROR(VLOOKUP($A33,BREED_MIX!$A$2:$AB$61,26,FALSE),"") | R33: =IFERROR(VLOOKUP($A33,BREED_MIX!$A$2:$AB$61,27,FALSE),"") | S33: =IF($A33="","",IF(AND($J33<>"",$K33<>""),2,IF(OR($J33<>"",$K33<>""),1,0)))
A34: ELSIE | B34: Elsie | D34: E | E34: 2-8-22 | F34: =IF($E34="","",YEAR($E34)) | G34: =IF($E34="","",IF(('WEIGHTS_&_RULES'!$B$3-$E34)<365,"Lamb",IF(('WEIGHTS_&_RULES'!$B$3-$E34)<730,"Yearling","Adult"))) | H34: Pen 6 | I34: Active | J34: WELLDONE | K34: Halftail | O34: =IFERROR(VLOOKUP($A34,BREED_MIX!$A$2:$AB$61,2,FALSE),"") | P34: =IFERROR(VLOOKUP($A34,BREED_MIX!$A$2:$AB$61,25,FALSE),"") | Q34: =IFERROR(VLOOKUP($A34,BREED_MIX!$A$2:$AB$61,26,FALSE),"") | R34: =IFERROR(VLOOKUP($A34,BREED_MIX!$A$2:$AB$61,27,FALSE),"") | S34: =IF($A34="","",IF(AND($J34<>"",$K34<>""),2,IF(OR($J34<>"",$K34<>""),1,0))) | T34: tag lost (had tag 25 in records)
A35: ELSIE_2026_L1 | B35: Elsie triplet ewe lamb #1 (white) | D35: E | E35: 46028 | F35: =IF($E35="","",YEAR($E35)) | G35: =IF($E35="","",IF(('WEIGHTS_&_RULES'!$B$3-$E35)<365,"Lamb",IF(('WEIGHTS_&_RULES'!$B$3-$E35)<730,"Yearling","Adult"))) | H35: Pen 6 | I35: Inactive (not on 2026-01-06 living roster) | K35: ELSIE | O35: =IFERROR(VLOOKUP($A35,BREED_MIX!$A$2:$AB$61,2,FALSE),"") | P35: =IFERROR(VLOOKUP($A35,BREED_MIX!$A$2:$AB$61,25,FALSE),"") | Q35: =IFERROR(VLOOKUP($A35,BREED_MIX!$A$2:$AB$61,26,FALSE),"") | R35: =IFERROR(VLOOKUP($A35,BREED_MIX!$A$2:$AB$61,27,FALSE),"") | S35: =IF($A35="","",IF(AND($J35<>"",$K35<>""),2,IF(OR($J35<>"",$K35<>""),1,0))) | T35: born 2026-01-06
A36: ELSIE_2026_L2 | B36: Elsie triplet ewe lamb #2 (white) | D36: E | E36: 46028 | F36: =IF($E36="","",YEAR($E36)) | G36: =IF($E36="","",IF(('WEIGHTS_&_RULES'!$B$3-$E36)<365,"Lamb",IF(('WEIGHTS_&_RULES'!$B$3-$E36)<730,"Yearling","Adult"))) | H36: Pen 6 | I36: Inactive (not on 2026-01-06 living roster) | K36: ELSIE | O36: =IFERROR(VLOOKUP($A36,BREED_MIX!$A$2:$AB$61,2,FALSE),"") | P36: =IFERROR(VLOOKUP($A36,BREED_MIX!$A$2:$AB$61,25,FALSE),"") | Q36: =IFERROR(VLOOKUP($A36,BREED_MIX!$A$2:$AB$61,26,FALSE),"") | R36: =IFERROR(VLOOKUP($A36,BREED_MIX!$A$2:$AB$61,27,FALSE),"") | S36: =IF($A36="","",IF(AND($J36<>"",$K36<>""),2,IF(OR($J36<>"",$K36<>""),1,0))) | T36: born 2026-01-06
A37: ELSIE_2026_L3 | B37: Elsie triplet ram lamb (black) | D37: R | E37: 46028 | F37: =IF($E37="","",YEAR($E37)) | G37: =IF($E37="","",IF(('WEIGHTS_&_RULES'!$B$3-$E37)<365,"Lamb",IF(('WEIGHTS_&_RULES'!$B$3-$E37)<730,"Yearling","Adult"))) | H37: Pen 6 | I37: Inactive (not on 2026-01-06 living roster) | K37: ELSIE | O37: =IFERROR(VLOOKUP($A37,BREED_MIX!$A$2:$AB$61,2,FALSE),"") | P37: =IFERROR(VLOOKUP($A37,BREED_MIX!$A$2:$AB$61,25,FALSE),"") | Q37: =IFERROR(VLOOKUP($A37,BREED_MIX!$A$2:$AB$61,26,FALSE),"") | R37: =IFERROR(VLOOKUP($A37,BREED_MIX!$A$2:$AB$61,27,FALSE),"") | S37: =IF($A37="","",IF(AND($J37<>"",$K37<>""),2,IF(OR($J37<>"",$K37<>""),1,0))) | T37: born 2026-01-06
A38: TAG_2139 | B38: 2139 | C38: 2139 | D38: E | F38: =IF($E38="","",YEAR($E38)) | G38: =IF($E38="","",IF(('WEIGHTS_&_RULES'!$B$3-$E38)<365,"Lamb",IF(('WEIGHTS_&_RULES'!$B$3-$E38)<730,"Yearling","Adult"))) | H38: Pen 6 | I38: Active | O38: =IFERROR(VLOOKUP($A38,BREED_MIX!$A$2:$AB$61,2,FALSE),"") | P38: =IFERROR(VLOOKUP($A38,BREED_MIX!$A$2:$AB$61,25,FALSE),"") | Q38: =IFERROR(VLOOKUP($A38,BREED_MIX!$A$2:$AB$61,26,FALSE),"") | R38: =IFERROR(VLOOKUP($A38,BREED_MIX!$A$2:$AB$61,27,FALSE),"") | S38: =IF($A38="","",IF(AND($J38<>"",$K38<>""),2,IF(OR($J38<>"",$K38<>""),1,0))) | T38: fat tail
A39: TAG_0056 | B39: 0056 | C39: 0056 | D39: E | F39: =IF($E39="","",YEAR($E39)) | G39: =IF($E39="","",IF(('WEIGHTS_&_RULES'!$B$3-$E39)<365,"Lamb",IF(('WEIGHTS_&_RULES'!$B$3-$E39)<730,"Yearling","Adult"))) | H39: Pen 6 | I39: Active | O39: =IFERROR(VLOOKUP($A39,BREED_MIX!$A$2:$AB$61,2,FALSE),"") | P39: =IFERROR(VLOOKUP($A39,BREED_MIX!$A$2:$AB$61,25,FALSE),"") | Q39: =IFERROR(VLOOKUP($A39,BREED_MIX!$A$2:$AB$61,26,FALSE),"") | R39: =IFERROR(VLOOKUP($A39,BREED_MIX!$A$2:$AB$61,27,FALSE),"") | S39: =IF($A39="","",IF(AND($J39<>"",$K39<>""),2,IF(OR($J39<>"",$K39<>""),1,0))) | T39: fat tail
A40: TAG_0055 | B40: 0055 | C40: 0055 | D40: E | F40: =IF($E40="","",YEAR($E40)) | G40: =IF($E40="","",IF(('WEIGHTS_&_RULES'!$B$3-$E40)<365,"Lamb",IF(('WEIGHTS_&_RULES'!$B$3-$E40)<730,"Yearling","Adult"))) | H40: Pen 6 | I40: Active | O40: =IFERROR(VLOOKUP($A40,BREED_MIX!$A$2:$AB$61,2,FALSE),"") | P40: =IFERROR(VLOOKUP($A40,BREED_MIX!$A$2:$AB$61,25,FALSE),"") | Q40: =IFERROR(VLOOKUP($A40,BREED_MIX!$A$2:$AB$61,26,FALSE),"") | R40: =IFERROR(VLOOKUP($A40,BREED_MIX!$A$2:$AB$61,27,FALSE),"") | S40: =IF($A40="","",IF(AND($J40<>"",$K40<>""),2,IF(OR($J40<>"",$K40<>""),1,0))) | T40: fat tail
A41: OAV_2222 | B41: 2222 | C41: 2222 | F41: =IF($E41="","",YEAR($E41)) | G41: =IF($E41="","",IF(('WEIGHTS_&_RULES'!$B$3-$E41)<365,"Lamb",IF(('WEIGHTS_&_RULES'!$B$3-$E41)<730,"Yearling","Adult"))) | H41: Pen 6 | I41: Active | O41: =IFERROR(VLOOKUP($A41,BREED_MIX!$A$2:$AB$61,2,FALSE),"") | P41: =IFERROR(VLOOKUP($A41,BREED_MIX!$A$2:$AB$61,25,FALSE),"") | Q41: =IFERROR(VLOOKUP($A41,BREED_MIX!$A$2:$AB$61,26,FALSE),"") | R41: =IFERROR(VLOOKUP($A41,BREED_MIX!$A$2:$AB$61,27,FALSE),"") | S41: =IF($A41="","",IF(AND($J41<>"",$K41<>""),2,IF(OR($J41<>"",$K41<>""),1,0))) | T41: OAV; Kelsie's sister; sex not stated
A42: TAG_0009 | B42: 09 | C42: 09 | D42: R | F42: =IF($E42="","",YEAR($E42)) | G42: =IF($E42="","",IF(('WEIGHTS_&_RULES'!$B$3-$E42)<365,"Lamb",IF(('WEIGHTS_&_RULES'!$B$3-$E42)<730,"Yearling","Adult"))) | H42: Goose Pen | I42: Active | K42: GIGI | O42: =IFERROR(VLOOKUP($A42,BREED_MIX!$A$2:$AB$61,2,FALSE),"") | P42: =IFERROR(VLOOKUP($A42,BREED_MIX!$A$2:$AB$61,25,FALSE),"") | Q42: =IFERROR(VLOOKUP($A42,BREED_MIX!$A$2:$AB$61,26,FALSE),"") | R42: =IFERROR(VLOOKUP($A42,BREED_MIX!$A$2:$AB$61,27,FALSE),"") | S42: =IF($A42="","",IF(AND($J42<>"",$K42<>""),2,IF(OR($J42<>"",$K42<>""),1,0))) | T42: Gigi's son
A43: TAG_0006 | B43: 06 | C43: 06 | D43: R | F43: =IF($E43="","",YEAR($E43)) | G43: =IF($E43="","",IF(('WEIGHTS_&_RULES'!$B$3-$E43)<365,"Lamb",IF(('WEIGHTS_&_RULES'!$B$3-$E43)<730,"Yearling","Adult"))) | H43: Goose Pen | I43: Active | O43: =IFERROR(VLOOKUP($A43,BREED_MIX!$A$2:$AB$61,2,FALSE),"") | P43: =IFERROR(VLOOKUP($A43,BREED_MIX!$A$2:$AB$61,25,FALSE),"") | Q43: =IFERROR(VLOOKUP($A43,BREED_MIX!$A$2:$AB$61,26,FALSE),"") | R43: =IFERROR(VLOOKUP($A43,BREED_MIX!$A$2:$AB$61,27,FALSE),"") | S43: =IF($A43="","",IF(AND($J43<>"",$K43<>""),2,IF(OR($J43<>"",$K43<>""),1,0))) | T43: white with tan knees
A44: GP_RAM_LAMB_FAWN_01 | B44: Ram lamb (fawn to light tan) | D44: R | F44: =IF($E44="","",YEAR($E44)) | G44: =IF($E44="","",IF(('WEIGHTS_&_RULES'!$B$3-$E44)<365,"Lamb",IF(('WEIGHTS_&_RULES'!$B$3-$E44)<730,"Yearling","Adult"))) | H44: Goose Pen | I44: Active | O44: =IFERROR(VLOOKUP($A44,BREED_MIX!$A$2:$AB$61,2,FALSE),"") | P44: =IFERROR(VLOOKUP($A44,BREED_MIX!$A$2:$AB$61,25,FALSE),"") | Q44: =IFERROR(VLOOKUP($A44,BREED_MIX!$A$2:$AB$61,26,FALSE),"") | R44: =IFERROR(VLOOKUP($A44,BREED_MIX!$A$2:$AB$61,27,FALSE),"") | S44: =IF($A44="","",IF(AND($J44<>"",$K44<>""),2,IF(OR($J44<>"",$K44<>""),1,0))) | T44: no tag
A45: TAG_0050 | B45: 50 | C45: 50 | D45: E | F45: =IF($E45="","",YEAR($E45)) | G45: =IF($E45="","",IF(('WEIGHTS_&_RULES'!$B$3-$E45)<365,"Lamb",IF(('WEIGHTS_&_RULES'!$B$3-$E45)<730,"Yearling","Adult"))) | H45: Goose Pen | I45: Active | O45: =IFERROR(VLOOKUP($A45,BREED_MIX!$A$2:$AB$61,2,FALSE),"") | P45: =IFERROR(VLOOKUP($A45,BREED_MIX!$A$2:$AB$61,25,FALSE),"") | Q45: =IFERROR(VLOOKUP($A45,BREED_MIX!$A$2:$AB$61,26,FALSE),"") | R45: =IFERROR(VLOOKUP($A45,BREED_MIX!$A$2:$AB$61,27,FALSE),"") | S45: =IF($A45="","",IF(AND($J45<>"",$K45<>""),2,IF(OR($J45<>"",$K45<>""),1,0))) | T45: wooly tan
A46: TAG_0049 | B46: 49 | C46: 49 | D46: E | F46: =IF($E46="","",YEAR($E46)) | G46: =IF($E46="","",IF(('WEIGHTS_&_RULES'!$B$3-$E46)<365,"Lamb",IF(('WEIGHTS_&_RULES'!$B$3-$E46)<730,"Yearling","Adult"))) | H46: Goose Pen | I46: Active | O46: =IFERROR(VLOOKUP($A46,BREED_MIX!$A$2:$AB$61,2,FALSE),"") | P46: =IFERROR(VLOOKUP($A46,BREED_MIX!$A$2:$AB$61,25,FALSE),"") | Q46: =IFERROR(VLOOKUP($A46,BREED_MIX!$A$2:$AB$61,26,FALSE),"") | R46: =IFERROR(VLOOKUP($A46,BREED_MIX!$A$2:$AB$61,27,FALSE),"") | S46: =IF($A46="","",IF(AND($J46<>"",$K46<>""),2,IF(OR($J46<>"",$K46<>""),1,0))) | T46: Lara's daughter
A47: WHITE_EWE_NOTAG | B47: White ewe (no tag) | D47: E | F47: =IF($E47="","",YEAR($E47)) | G47: =IF($E47="","",IF(('WEIGHTS_&_RULES'!$B$3-$E47)<365,"Lamb",IF(('WEIGHTS_&_RULES'!$B$3-$E47)<730,"Yearling","Adult"))) | H47: Goose Pen | I47: Inactive (not on 2026-01-06 living roster) | O47: =IFERROR(VLOOKUP($A47,BREED_MIX!$A$2:$AB$61,2,FALSE),"") | P47: =IFERROR(VLOOKUP($A47,BREED_MIX!$A$2:$AB$61,25,FALSE),"") | Q47: =IFERROR(VLOOKUP($A47,BREED_MIX!$A$2:$AB$61,26,FALSE),"") | R47: =IFERROR(VLOOKUP($A47,BREED_MIX!$A$2:$AB$61,27,FALSE),"") | S47: =IF($A47="","",IF(AND($J47<>"",$K47<>""),2,IF(OR($J47<>"",$K47<>""),1,0))) | T47: female hair sheep
A48: BUCK_2433 | B48: Buck | C48: 2433 | D48: R | F48: =IF($E48="","",YEAR($E48)) | G48: =IF($E48="","",IF(('WEIGHTS_&_RULES'!$B$3-$E48)<365,"Lamb",IF(('WEIGHTS_&_RULES'!$B$3-$E48)<730,"Yearling","Adult"))) | H48: Tree Fort | I48: Active | O48: =IFERROR(VLOOKUP($A48,BREED_MIX!$A$2:$AB$61,2,FALSE),"") | P48: =IFERROR(VLOOKUP($A48,BREED_MIX!$A$2:$AB$61,25,FALSE),"") | Q48: =IFERROR(VLOOKUP($A48,BREED_MIX!$A$2:$AB$61,26,FALSE),"") | R48: =IFERROR(VLOOKUP($A48,BREED_MIX!$A$2:$AB$61,27,FALSE),"") | S48: =IF($A48="","",IF(AND($J48<>"",$K48<>""),2,IF(OR($J48<>"",$K48<>""),1,0))) | T48: Buck (2433)
A49: TAG_0035 | B49: 0035 | C49: 0035 | D49: E | F49: =IF($E49="","",YEAR($E49)) | G49: =IF($E49="","",IF(('WEIGHTS_&_RULES'!$B$3-$E49)<365,"Lamb",IF(('WEIGHTS_&_RULES'!$B$3-$E49)<730,"Yearling","Adult"))) | H49: Tree Fort | I49: Active | O49: =IFERROR(VLOOKUP($A49,BREED_MIX!$A$2:$AB$61,2,FALSE),"") | P49: =IFERROR(VLOOKUP($A49,BREED_MIX!$A$2:$AB$61,25,FALSE),"") | Q49: =IFERROR(VLOOKUP($A49,BREED_MIX!$A$2:$AB$61,26,FALSE),"") | R49: =IFERROR(VLOOKUP($A49,BREED_MIX!$A$2:$AB$61,27,FALSE),"") | S49: =IF($A49="","",IF(AND($J49<>"",$K49<>""),2,IF(OR($J49<>"",$K49<>""),1,0))) | T49: white tag; hair sheep; one of sirloins
A50: CHARLIES_EWE_3 | B50: Charlie's ewe 3 | D50: E | F50: =IF($E50="","",YEAR($E50)) | G50: =IF($E50="","",IF(('WEIGHTS_&_RULES'!$B$3-$E50)<365,"Lamb",IF(('WEIGHTS_&_RULES'!$B$3-$E50)<730,"Yearling","Adult"))) | H50: Tree Fort | I50: Active | O50: =IFERROR(VLOOKUP($A50,BREED_MIX!$A$2:$AB$61,2,FALSE),"") | P50: =IFERROR(VLOOKUP($A50,BREED_MIX!$A$2:$AB$61,25,FALSE),"") | Q50: =IFERROR(VLOOKUP($A50,BREED_MIX!$A$2:$AB$61,26,FALSE),"") | R50: =IFERROR(VLOOKUP($A50,BREED_MIX!$A$2:$AB$61,27,FALSE),"") | S50: =IF($A50="","",IF(AND($J50<>"",$K50<>""),2,IF(OR($J50<>"",$K50<>""),1,0))) | T50: no tag
A51: TF_EWE_LAMB_01 | B51: Ewe lamb (unknown) | D51: E | F51: =IF($E51="","",YEAR($E51)) | G51: =IF($E51="","",IF(('WEIGHTS_&_RULES'!$B$3-$E51)<365,"Lamb",IF(('WEIGHTS_&_RULES'!$B$3-$E51)<730,"Yearling","Adult"))) | H51: Tree Fort | I51: Inactive (not on 2026-01-06 living roster) | O51: =IFERROR(VLOOKUP($A51,BREED_MIX!$A$2:$AB$61,2,FALSE),"") | P51: =IFERROR(VLOOKUP($A51,BREED_MIX!$A$2:$AB$61,25,FALSE),"") | Q51: =IFERROR(VLOOKUP($A51,BREED_MIX!$A$2:$AB$61,26,FALSE),"") | R51: =IFERROR(VLOOKUP($A51,BREED_MIX!$A$2:$AB$61,27,FALSE),"") | S51: =IF($A51="","",IF(AND($J51<>"",$K51<>""),2,IF(OR($J51<>"",$K51<>""),1,0))) | T51: no tag
A52: TAG_0035B | B52: 35 | C52: 35 | D52: E | F52: =IF($E52="","",YEAR($E52)) | G52: =IF($E52="","",IF(('WEIGHTS_&_RULES'!$B$3-$E52)<365,"Lamb",IF(('WEIGHTS_&_RULES'!$B$3-$E52)<730,"Yearling","Adult"))) | H52: Tree Fort | I52: Active | O52: =IFERROR(VLOOKUP($A52,BREED_MIX!$A$2:$AB$61,2,FALSE),"") | P52: =IFERROR(VLOOKUP($A52,BREED_MIX!$A$2:$AB$61,25,FALSE),"") | Q52: =IFERROR(VLOOKUP($A52,BREED_MIX!$A$2:$AB$61,26,FALSE),"") | R52: =IFERROR(VLOOKUP($A52,BREED_MIX!$A$2:$AB$61,27,FALSE),"") | S52: =IF($A52="","",IF(AND($J52<>"",$K52<>""),2,IF(OR($J52<>"",$K52<>""),1,0))) | T52: orange tag; hair/wool cross
A53: SIRLOIN | B53: Sir Loin | C53: 0 | D53: R | E53: 40909 | F53: =IF($E53="","",YEAR($E53)) | G53: =IF($E53="","",IF(('WEIGHTS_&_RULES'!$B$3-$E53)<365,"Lamb",IF(('WEIGHTS_&_RULES'!$B$3-$E53)<730,"Yearling","Adult"))) | H53: Other | I53: Inactive (not on 2026-01-06 living roster) | J53: CHIP | K53: SHIRLEY | L53: CSV | O53: =IFERROR(VLOOKUP($A53,BREED_MIX!$A$2:$AB$61,2,FALSE),"") | P53: =IFERROR(VLOOKUP($A53,BREED_MIX!$A$2:$AB$61,25,FALSE),"") | Q53: =IFERROR(VLOOKUP($A53,BREED_MIX!$A$2:$AB$61,26,FALSE),"") | R53: =IFERROR(VLOOKUP($A53,BREED_MIX!$A$2:$AB$61,27,FALSE),"") | S53: =IF($A53="","",IF(AND($J53<>"",$K53<>""),2,IF(OR($J53<>"",$K53<>""),1,0))) | T53: From CSV roster; Breed: St Augustine; Status in CSV: Alive
A54: SMORE | B54: S'More | C54: 1 | D54: R | E54: 1-14-21 | F54: =IF($E54="","",YEAR($E54)) | G54: =IF($E54="","",IF(('WEIGHTS_&_RULES'!$B$3-$E54)<365,"Lamb",IF(('WEIGHTS_&_RULES'!$B$3-$E54)<730,"Yearling","Adult"))) | H54: Other | I54: Inactive (not on 2026-01-06 living roster) | J54: GIGANTUS | K54: MINNIE | L54: CSV | O54: =IFERROR(VLOOKUP($A54,BREED_MIX!$A$2:$AB$61,2,FALSE),"") | P54: =IFERROR(VLOOKUP($A54,BREED_MIX!$A$2:$AB$61,25,FALSE),"") | Q54: =IFERROR(VLOOKUP($A54,BREED_MIX!$A$2:$AB$61,26,FALSE),"") | R54: =IFERROR(VLOOKUP($A54,BREED_MIX!$A$2:$AB$61,27,FALSE),"") | S54: =IF($A54="","",IF(AND($J54<>"",$K54<>""),2,IF(OR($J54<>"",$K54<>""),1,0))) | T54: From CSV roster; Breed: Cracker; Status in CSV: Alive
A55: WELLDONE | B55: Well Done | C55: 2 | D55: R | E55: 44241 | F55: =IF($E55="","",YEAR($E55)) | G55: =IF($E55="","",IF(('WEIGHTS_&_RULES'!$B$3-$E55)<365,"Lamb",IF(('WEIGHTS_&_RULES'!$B$3-$E55)<730,"Yearling","Adult"))) | H55: Other | I55: Inactive (not on 2026-01-06 living roster) | J55: BIGDADDY | K55: GOLF | L55: CSV | O55: =IFERROR(VLOOKUP($A55,BREED_MIX!$A$2:$AB$61,2,FALSE),"") | P55: =IFERROR(VLOOKUP($A55,BREED_MIX!$A$2:$AB$61,25,FALSE),"") | Q55: =IFERROR(VLOOKUP($A55,BREED_MIX!$A$2:$AB$61,26,FALSE),"") | R55: =IFERROR(VLOOKUP($A55,BREED_MIX!$A$2:$AB$61,27,FALSE),"") | S55: =IF($A55="","",IF(AND($J55<>"",$K55<>""),2,IF(OR($J55<>"",$K55<>""),1,0))) | T55: From CSV roster; Breed: Katahdin; Status in CSV: Alive
A56: ANNA | B56: Anna | C56: 3 | D56: E | E56: 40179 | F56: =IF($E56="","",YEAR($E56)) | G56: =IF($E56="","",IF(('WEIGHTS_&_RULES'!$B$3-$E56)<365,"Lamb",IF(('WEIGHTS_&_RULES'!$B$3-$E56)<730,"Yearling","Adult"))) | H56: Other | I56: Inactive (not on 2026-01-06 living roster) | J56: SHOWKING | K56: QUEEN | L56: CSV | O56: =IFERROR(VLOOKUP($A56,BREED_MIX!$A$2:$AB$61,2,FALSE),"") | P56: =IFERROR(VLOOKUP($A56,BREED_MIX!$A$2:$AB$61,25,FALSE),"") | Q56: =IFERROR(VLOOKUP($A56,BREED_MIX!$A$2:$AB$61,26,FALSE),"") | R56: =IFERROR(VLOOKUP($A56,BREED_MIX!$A$2:$AB$61,27,FALSE),"") | S56: =IF($A56="","",IF(AND($J56<>"",$K56<>""),2,IF(OR($J56<>"",$K56<>""),1,0))) | T56: From CSV roster; Breed: Katahdin; Status in CSV: Alive
A57: BANANA | B57: Banana | C57: 4 | D57: E | E57: 41974 | F57: =IF($E57="","",YEAR($E57)) | G57: =IF($E57="","",IF(('WEIGHTS_&_RULES'!$B$3-$E57)<365,"Lamb",IF(('WEIGHTS_&_RULES'!$B$3-$E57)<730,"Yearling","Adult"))) | H57: Other | I57: Inactive (not on 2026-01-06 living roster) | J57: SIRLOIN | K57: ANNA | L57: CSV | O57: =IFERROR(VLOOKUP($A57,BREED_MIX!$A$2:$AB$61,2,FALSE),"") | P57: =IFERROR(VLOOKUP($A57,BREED_MIX!$A$2:$AB$61,25,FALSE),"") | Q57: =IFERROR(VLOOKUP($A57,BREED_MIX!$A$2:$AB$61,26,FALSE),"") | R57: =IFERROR(VLOOKUP($A57,BREED_MIX!$A$2:$AB$61,27,FALSE),"") | S57: =IF($A57="","",IF(AND($J57<>"",$K57<>""),2,IF(OR($J57<>"",$K57<>""),1,0))) | T57: From CSV roster; Breed: 62.5% Katahdin, 37.5% St Augustine; Status in CSV: Alive
A58: BROWNKNEE | B58: Brown Knee | C58: 5 | D58: E | E58: 41974 | F58: =IF($E58="","",YEAR($E58)) | G58: =IF($E58="","",IF(('WEIGHTS_&_RULES'!$B$3-$E58)<365,"Lamb",IF(('WEIGHTS_&_RULES'!$B$3-$E58)<730,"Yearling","Adult"))) | H58: Other | I58: Inactive (not on 2026-01-06 living roster) | J58: SIRLOIN | K58: BANANA | L58: CSV | O58: =IFERROR(VLOOKUP($A58,BREED_MIX!$A$2:$AB$61,2,FALSE),"") | P58: =IFERROR(VLOOKUP($A58,BREED_MIX!$A$2:$AB$61,25,FALSE),"") | Q58: =IFERROR(VLOOKUP($A58,BREED_MIX!$A$2:$AB$61,26,FALSE),"") | R58: =IFERROR(VLOOKUP($A58,BREED_MIX!$A$2:$AB$61,27,FALSE),"") | S58: =IF($A58="","",IF(AND($J58<>"",$K58<>""),2,IF(OR($J58<>"",$K58<>""),1,0))) | T58: From CSV roster; Breed: 56% Katahdin 44% St Augustine; Status in CSV: Alive
A59: BLACKSPOTONEAR | B59: Black Spot on Ear | C59: 6 | D59: E | E59: 42333 | F59: =IF($E59="","",YEAR($E59)) | G59: =IF($E59="","",IF(('WEIGHTS_&_RULES'!$B$3-$E59)<365,"Lamb",IF(('WEIGHTS_&_RULES'!$B$3-$E59)<730,"Yearling","Adult"))) | H59: Other | I59: Inactive (not on 2026-01-06 living roster) | J59: SIRLOIN | K59: Two Pence | L59: CSV | O59: =IFERROR(VLOOKUP($A59,BREED_MIX!$A$2:$AB$61,2,FALSE),"") | P59: =IFERROR(VLOOKUP($A59,BREED_MIX!$A$2:$AB$61,25,FALSE),"") | Q59: =IFERROR(VLOOKUP($A59,BREED_MIX!$A$2:$AB$61,26,FALSE),"") | R59: =IFERROR(VLOOKUP($A59,BREED_MIX!$A$2:$AB$61,27,FALSE),"") | S59: =IF($A59="","",IF(AND($J59<>"",$K59<>""),2,IF(OR($J59<>"",$K59<>""),1,0))) | T59: From CSV roster; Breed: 65.5% St Augustine 34.5% Katahdin; Status in CSV: Alive
A60: BANANASPLIT | B60: Banana Split | C60: 7 | D60: E | E60: 42322 | F60: =IF($E60="","",YEAR($E60)) | G60: =IF($E60="","",IF(('WEIGHTS_&_RULES'!$B$3-$E60)<365,"Lamb",IF(('WEIGHTS_&_RULES'!$B$3-$E60)<730,"Yearling","Adult"))) | H60: Other | I60: Inactive (not on 2026-01-06 living roster) | J60: SIRLOIN | K60: BLACKSPOTONEAR | L60: CSV | O60: =IFERROR(VLOOKUP($A60,BREED_MIX!$A$2:$AB$61,2,FALSE),"") | P60: =IFERROR(VLOOKUP($A60,BREED_MIX!$A$2:$AB$61,25,FALSE),"") | Q60: =IFERROR(VLOOKUP($A60,BREED_MIX!$A$2:$AB$61,26,FALSE),"") | R60: =IFERROR(VLOOKUP($A60,BREED_MIX!$A$2:$AB$61,27,FALSE),"") | S60: =IF($A60="","",IF(AND($J60<>"",$K60<>""),2,IF(OR($J60<>"",$K60<>""),1,0))) | T60: From CSV roster; Breed: 70.25 St Augustine 29.75 Katahdin; Status in CSV: Alive
A61: BANANASPLITBABY | B61: Banana Split Baby | C61: 8 | D61: R | E61: 44615 | F61: =IF($E61="","",YEAR($E61)) | G61: =IF($E61="","",IF(('WEIGHTS_&_RULES'!$B$3-$E61)<365,"Lamb",IF(('WEIGHTS_&_RULES'!$B$3-$E61)<730,"Yearling","Adult"))) | H61: Other | I61: Inactive (not on 2026-01-06 living roster) | J61: SIRLOIN | K61: BANANASPLIT | L61: CSV | O61: =IFERROR(VLOOKUP($A61,BREED_MIX!$A$2:$AB$61,2,FALSE),"") | P61: =IFERROR(VLOOKUP($A61,BREED_MIX!$A$2:$AB$61,25,FALSE),"") | Q61: =IFERROR(VLOOKUP($A61,BREED_MIX!$A$2:$AB$61,26,FALSE),"") | R61: =IFERROR(VLOOKUP($A61,BREED_MIX!$A$2:$AB$61,27,FALSE),"") | S61: =IF($A61="","",IF(AND($J61<>"",$K61<>""),2,IF(OR($J61<>"",$K61<>""),1,0))) | T61: From CSV roster; Breed: 72.625 St Augustine 27.375 Katahdin; Status in CSV: Alive
A62: ANNASBIGONE | B62: Anna's Big One | C62: 9 | D62: E | E62: 44520 | F62: =IF($E62="","",YEAR($E62)) | G62: =IF($E62="","",IF(('WEIGHTS_&_RULES'!$B$3-$E62)<365,"Lamb",IF(('WEIGHTS_&_RULES'!$B$3-$E62)<730,"Yearling","Adult"))) | H62: Other | I62: Inactive (not on 2026-01-06 living roster) | J62: SIRLOIN | K62: ANNA | L62: CSV | O62: =IFERROR(VLOOKUP($A62,BREED_MIX!$A$62:$AB$61,2,FALSE),"") | P62: =IFERROR(VLOOKUP($A62,BREED_MIX!$A$62:$AB$61,25,FALSE),"") | Q62: =IFERROR(VLOOKUP($A62,BREED_MIX!$A$62:$AB$61,26,FALSE),"") | R62: =IFERROR(VLOOKUP($A62,BREED_MIX!$A$62:$AB$61,27,FALSE),"") | S62: =IF($A62="","",IF(AND($J62<>"",$K62<>""),2,IF(OR($J62<>"",$K62<>""),1,0))) | T62: From CSV roster; Breed: 62.5% Katahdin, 37.5% St Augustine; Status in CSV: Alive
A63: BOOTS | B63: Boots | C63: 10 | D63: E | E63: 44210 | F63: =IF($E63="","",YEAR($E63)) | G63: =IF($E63="","",IF(('WEIGHTS_&_RULES'!$B$3-$E63)<365,"Lamb",IF(('WEIGHTS_&_RULES'!$B$3-$E63)<730,"Yearling","Adult"))) | H63: Other | I63: Inactive (not on 2026-01-06 living roster) | J63: BOOTSDAD | K63: BOOTSMOM | L63: CSV | O63: =IFERROR(VLOOKUP($A63,BREED_MIX!$A$63:$AB$61,2,FALSE),"") | P63: =IFERROR(VLOOKUP($A63,BREED_MIX!$A$63:$AB$61,25,FALSE),"") | Q63: =IFERROR(VLOOKUP($A63,BREED_MIX!$A$63:$AB$61,26,FALSE),"") | R63: =IFERROR(VLOOKUP($A63,BREED_MIX!$A$63:$AB$61,27,FALSE),"") | S63: =IF($A63="","",IF(AND($J63<>"",$K63<>""),2,IF(OR($J63<>"",$K63<>""),1,0))) | T63: From CSV roster; Breed: 50% Katahdin 50% Dorper; Status in CSV: Alive
A64: STEW | B64: Stew | C64: 11 | D64: R | E64: 44600 | F64: =IF($E64="","",YEAR($E64)) | G64: =IF($E64="","",IF(('WEIGHTS_&_RULES'!$B$3-$E64)<365,"Lamb",IF(('WEIGHTS_&_RULES'!$B$3-$E64)<730,"Yearling","Adult"))) | H64: Other | I64: Inactive (not on 2026-01-06 living roster) | J64: FLEECITY | K64: WELLDONE | L64: CSV | O64: =IFERROR(VLOOKUP($A64,BREED_MIX!$A$64:$AB$61,2,FALSE),"") | P64: =IFERROR(VLOOKUP($A64,BREED_MIX!$A$64:$AB$61,25,FALSE),"") | Q64: =IFERROR(VLOOKUP($A64,BREED_MIX!$A$64:$AB$61,26,FALSE),"") | R64: =IFERROR(VLOOKUP($A64,BREED_MIX!$A$64:$AB$61,27,FALSE),"") | S64: =IF($A64="","",IF(AND($J64<>"",$K64<>""),2,IF(OR($J64<>"",$K64<>""),1,0))) | T64: From CSV roster; Breed: 75% Katahdin 25% Dorper; Status in CSV: Alive
A65: FLEECITY | B65: Fleecity | C65: 12 | D65: E | E65: 44210 | F65: =IF($E65="","",YEAR($E65)) | G65: =IF($E65="","",IF(('WEIGHTS_&_RULES'!$B$3-$E65)<365,"Lamb",IF(('WEIGHTS_&_RULES'!$B$3-$E65)<730,"Yearling","Adult"))) | H65: Other | I65: Inactive (not on 2026-01-06 living roster) | J65: BOOTSDAD | K65: BOOTSMOM | L65: CSV | O65: =IFERROR(VLOOKUP($A65,BREED_MIX!$A$65:$AB$61,2,FALSE),"") | P65: =IFERROR(VLOOKUP($A65,BREED_MIX!$A$65:$AB$61,25,FALSE),"") | Q65: =IFERROR(VLOOKUP($A65,BREED_MIX!$A$65:$AB$61,26,FALSE),"") | R65: =IFERROR(VLOOKUP($A65,BREED_MIX!$A$65:$AB$61,27,FALSE),"") | S65: =IF($A65="","",IF(AND($J65<>"",$K65<>""),2,IF(OR($J65<>"",$K65<>""),1,0))) | T65: From CSV roster; Breed: 50% Katahdin 50% Dorper; Status in CSV: Alive
A66: SHAGGY | B66: Shaggy | C66: 13 | D66: E | E66: 44242 | F66: =IF($E66="","",YEAR($E66)) | G66: =IF($E66="","",IF(('WEIGHTS_&_RULES'!$B$3-$E66)<365,"Lamb",IF(('WEIGHTS_&_RULES'!$B$3-$E66)<730,"Yearling","Adult"))) | H66: Other | I66: Inactive (not on 2026-01-06 living roster) | J66: SHAGGYSDAD | K66: SHAGGYSMOM | L66: CSV | O66: =IFERROR(VLOOKUP($A66,BREED_MIX!$A$66:$AB$61,2,FALSE),"") | P66: =IFERROR(VLOOKUP($A66,BREED_MIX!$A$66:$AB$61,25,FALSE),"") | Q66: =IFERROR(VLOOKUP($A66,BREED_MIX!$A$66:$AB$61,26,FALSE),"") | R66: =IFERROR(VLOOKUP($A66,BREED_MIX!$A$66:$AB$61,27,FALSE),"") | S66: =IF($A66="","",IF(AND($J66<>"",$K66<>""),2,IF(OR($J66<>"",$K66<>""),1,0))) | T66: From CSV roster; Breed: 50% Babydoll 50% Jacob; Status in CSV: Alive
A67: FM | B67: FM | C67: Ga1568 | D67: E | E67: 2-14-21 | F67: =IF($E67="","",YEAR($E67)) | G67: =IF($E67="","",IF(('WEIGHTS_&_RULES'!$B$3-$E67)<365,"Lamb",IF(('WEIGHTS_&_RULES'!$B$3-$E67)<730,"Yearling","Adult"))) | H67: Other | I67: Inactive (not on 2026-01-06 living roster) | J67: Tunis | K67: Cotswald | L67: CSV | O67: =IFERROR(VLOOKUP($A67,BREED_MIX!$A$67:$AB$61,2,FALSE),"") | P67: =IFERROR(VLOOKUP($A67,BREED_MIX!$A$67:$AB$61,25,FALSE),"") | Q67: =IFERROR(VLOOKUP($A67,BREED_MIX!$A$67:$AB$61,26,FALSE),"") | R67: =IFERROR(VLOOKUP($A67,BREED_MIX!$A$67:$AB$61,27,FALSE),"") | S67: =IF($A67="","",IF(AND($J67<>"",$K67<>""),2,IF(OR($J67<>"",$K67<>""),1,0))) | T67: From CSV roster; Breed: 50% Cotswald 50% Tunis; Status in CSV: Alive
A68: HALFTAIL | B68: Half Tail | C68: 15 | D68: E | E68: 42370 | F68: =IF($E68="","",YEAR($E68)) | G68: =IF($E68="","",IF(('WEIGHTS_&_RULES'!$B$3-$E68)<365,"Lamb",IF(('WEIGHTS_&_RULES'!$B$3-$E68)<730,"Yearling","Adult"))) | H68: Other | I68: Inactive (not on 2026-01-06 living roster) | J68: SIRLOIN | K68: HERSHEYS | L68: CSV | O68: =IFERROR(VLOOKUP($A68,BREED_MIX!$A$68:$AB$61,2,FALSE),"") | P68: =IFERROR(VLOOKUP($A68,BREED_MIX!$A$68:$AB$61,25,FALSE),"") | Q68: =IFERROR(VLOOKUP($A68,BREED_MIX!$A$68:$AB$61,26,FALSE),"") | R68: =IFERROR(VLOOKUP($A68,BREED_MIX!$A$68:$AB$61,27,FALSE),"") | S68: =IF($A68="","",IF(AND($J68<>"",$K68<>""),2,IF(OR($J68<>"",$K68<>""),1,0))) | T68: From CSV roster; Breed: 44% Katahdin 56% St Augustine; Status in CSV: Alive
A69: HERSHEYS | B69: Hersheys | C69: 17 | D69: E | F69: =IF($E69="","",YEAR($E69)) | G69: =IF($E69="","",IF(('WEIGHTS_&_RULES'!$B$3-$E69)<365,"Lamb",IF(('WEIGHTS_&_RULES'!$B$3-$E69)<730,"Yearling","Adult"))) | H69: Other | I69: Inactive (not on 2026-01-06 living roster) | L69: CSV | O69: =IFERROR(VLOOKUP($A69,BREED_MIX!$A$69:$AB$61,2,FALSE),"") | P69: =IFERROR(VLOOKUP($A69,BREED_MIX!$A$69:$AB$61,25,FALSE),"") | Q69: =IFERROR(VLOOKUP($A69,BREED_MIX!$A$69:$AB$61,26,FALSE),"") | R69: =IFERROR(VLOOKUP($A69,BREED_MIX!$A$69:$AB$61,27,FALSE),"") | S69: =IF($A69="","",IF(AND($J69<>"",$K69<>""),2,IF(OR($J69<>"",$K69<>""),1,0))) | T69: From CSV roster; Breed: nan; Status in CSV: Deceased
A70: OAV_2223 | B70: Oav 2223 (Kelsier) | C70: 2223 | D70: R | E70: 44916 | F70: =IF($E70="","",YEAR($E70)) | G70: =IF($E70="","",IF(('WEIGHTS_&_RULES'!$B$3-$E70)<365,"Lamb",IF(('WEIGHTS_&_RULES'!$B$3-$E70)<730,"Yearling","Adult"))) | H70: Other | I70: Inactive (not on 2026-01-06 living roster) | L70: OAV Sam Mushko | M70: 45204 | O70: =IFERROR(VLOOKUP($A70,BREED_MIX!$A$70:$AB$61,2,FALSE),"") | P70: =IFERROR(VLOOKUP($A70,BREED_MIX!$A$70:$AB$61,25,FALSE),"") | Q70: =IFERROR(VLOOKUP($A70,BREED_MIX!$A$70:$AB$61,26,FALSE),"") | R70: =IFERROR(VLOOKUP($A70,BREED_MIX!$A$70:$AB$61,27,FALSE),"") | S70: =IF($A70="","",IF(AND($J70<>"",$K70<>""),2,IF(OR($J70<>"",$K70<>""),1,0))) | T70: User provided UF ram test data + NSIP ID 640301-2022-222223; not listed on 2026-01-06 living roster—verify
A71: TAG_02241 | B71: 2241 | C71: 2241 | I71: Inactive (not on 2026-01-06 living roster) | T71: Imported from Manatee Creek - 2241 (e).csv on 2026-01-06
A72: KAT_X_AWASSI | B72: Kat x awassi | I72: Inactive (not on 2026-01-06 living roster) | T72: Imported from Manatee Creek - Buck (Kat x Awassi).csv on 2026-01-06
A73: OAV_2223_2 | B73: Oav 2223 | D73: R | E73: 12-21-22 | I73: Inactive (not on 2026-01-06 living roster) | T73: Imported from Manatee Creek - OAV 2223 (r) (Kelsier).csv on 2026-01-06
A74: FL51870_0502_PEN_1_2 | B74: Fl51870 - 0502 (Pen 1-2) | D74: 0 | I74: Inactive (not on 2026-01-06 living roster) | T74: Imported from Manatee Creek - GG (Gentle Giant).csv on 2026-01-06
A75: OAV_2222_2 | B75: OAV 2222 | I75: Inactive (not on 2026-01-06 living roster) | T75: Imported from Manatee Creek - OAV 2222(e).csv on 2026-01-06
A76: ANIMAL | E76: 3-23-23 | I76: Inactive (not on 2026-01-06 living roster) | J76: Dodge | K76: Daisy | T76: Imported from Manatee Creek - Little Daisy(e).csv on 2026-01-06
A77: BLACK_SPOT_ON_EAR_DAUGHTER | B77: Black Spot on Ear Daughter | D77: E | J77: SIRLOIN | K77: BLACKSPOTONEAR | T77: Imported from Manatee Creek - Black Spot on Ear Daughter (e).csv on 2026-01-07
A78: CHIPOITLE_SPICY_BOI_BT1 | B78: Chipoitle Spicy Boi (Bt1) | D78: R | E78: 2-7-22 | J78: SIRLOIN | K78: BROKEN_TAIL | T78: Imported from Manatee Creek - Chipolte Spicy Boi BT1 (R).csv on 2026-01-07
A79: PRETZAL | B79: Pretzal | D79: E | E79: 1-24-22 | J79: ? | K79: ? | T79: Imported from Manatee Creek - Pretzal (E).csv on 2026-01-07
A80: THIRD_EWE | B80: Third Ewe | D80: E | J80: SIRLOIN | K80: Other Ewe | T80: Imported from Manatee Creek - Third Ewe (E).csv on 2026-01-07
A81: FM1 | B81: FM1 | J81: SIRLOIN | K81: FM | T81: Imported from Manatee Creek - FM1.csv on 2026-01-07
A82: ANIMAL_2 | E82: 3-23-23 | J82: Dodge | K82: Daisy | T82: Imported from Manatee Creek - Little Daisy(e).csv on 2026-01-07

Sheet BREED_SUPERSET
A1: Breed (superset) | B1: Avg mature wt (EWE, lb) | C1: Avg mature wt (RAM, lb) | D1: Hair breed? (Y/N) | E1: Notes
A2: American Black Belly | B2: 115 | C2: 135 | D2: Y
A3: Awassi | B3: 200 | C3: 310 | D3: N
A4: Babydoll | B4: 80 | C4: 125 | D4: N
A5: Barbados Black Belly | B5: 95 | C5: 125 | D5: Y
A6: Black Headed Dorper | B6: 200 | C6: 300 | D6: Y
A7: Cotswald | B7: 200 | C7: 300 | D7: N
A8: Cracker | B8: 110 | C8: 225 | D8: N
A9: East Friesan | B9: 210 | C9: 275 | D9: N
A10: Gulf Coast Native | B10: 125 | C10: 165 | D10: N
A11: Hampshire | B11: 200 | C11: 275 | D11: N
A12: Jacob | B12: 100 | C12: 150 | D12: N
A13: Karakul
A14: Katahdin | B14: 140 | C14: 235 | D14: Y
A15: Southdown | B15: 200 | C15: 350 | D15: N
A16: St Augustine | B16: 200 | C16: 300 | D16: Y
A17: St Croix | B17: 150 | C17: 200 | D17: Y
A18: Suffolk | B18: 253 | C18: 330 | D18: N
A19: Texel | B19: 185 | C19: 240 | D19: N
A20: Tunis | B20: 160 | C20: 275 | D20: N
A21: White Dorper | B21: 185 | C21: 235 | D21: Y
A22: Wiltshire Horn | B22: 150 | C22: 300 | D22: Y
A28: FM | D28: N | E28: From Manatee Creek - Weights and Averages.csv
A29: FM 1 | D29: N | E29: From Manatee Creek - Weights and Averages.csv
A30: Nori | D30: N | E30: From Manatee Creek - Weights and Averages.csv
A31: Eclipse | D31: N | E31: From Manatee Creek - Weights and Averages.csv
A32: FM1 x Eclipse | D32: N | E32: From Manatee Creek - Weights and Averages.csv
A33: Shaggy | D33: N | E33: From Manatee Creek - Weights and Averages.csv
A34: Sir Loin | D34: N | E34: From Manatee Creek - Weights and Averages.csv
A35: Serendipity | D35: N | E35: From Manatee Creek - Weights and Averages.csv
A36: Kaladin | D36: N | E36: From Manatee Creek - Weights and Averages.csv

Sheet BREED_MIX
A1: AnimalID* | B1: % Hair (optional) | C1: % American Black Belly | D1: % Awassi | E1: % Babydoll | F1: % Barbados Black Belly | G1: % Black Headed Dorper | H1: % Cotswald | I1: % Cracker | J1: % East Friesan | K1: % Gulf Coast Native | L1: % Hampshire | M1: % Jacob | N1: % Karakul | O1: % Katahdin | P1: % Southdown | Q1: % St Augustine | R1: % St Croix | S1: % Suffolk | T1: % Texel | U1: % Tunis | V1: % White Dorper | W1: % Wiltshire Horn | X1: Sum % | Y1: Expected mature wt (EWE, lb) | Z1: Expected mature wt (RAM, lb) | AA1: Primary Breed | AB1: Notes
A2: MERRIE | B2: 100 | C2: 0 | D2: 0 | E2: 0 | F2: 6.25 | G2: 0 | H2: 0 | I2: 50 | J2: 0 | K2: 0 | L2: 0 | M2: 0 | N2: 0 | O2: 12.5 | P2: 0 | Q2: 28.125 | R2: 0 | S2: 0 | T2: 0 | U2: 0 | V2: 3.125 | W2: 0 | X2: =IF($A2="","",SUM(C2:W2)) | Y2: =IF($A2="","",SUMPRODUCT(C2:W2,BREED_SUPERSET!$B$2:$B$22)/100) | Z2: =IF($A2="","",SUMPRODUCT(C2:W2,BREED_SUPERSET!$C$2:$C$22)/100) | AA2: Cracker | AB2: Imported from paste/CSV; verify if conflicts
A3: ELSIE | C3: 6.25 | D3: 0 | E3: 0 | F3: 0 | G3: 0 | H3: 0 | I3: 0 | J3: 0 | K3: 0 | L3: 0 | M3: 0 | N3: 0 | O3: 65.625 | P3: 0 | Q3: 28.125 | R3: 0 | S3: 0 | T3: 0 | U3: 0 | V3: 0 | W3: 0 | X3: =IF($A3="","",SUM(C3:W3)) | Y3: =IF($A3="","",SUMPRODUCT(C3:W3,BREED_SUPERSET!$B$2:$B$22)/100) | Z3: =IF($A3="","",SUMPRODUCT(C3:W3,BREED_SUPERSET!$C$2:$C$22)/100) | AA3: Southdown | AB3: Imported from paste/CSV; verify if conflicts
A4: BROKEN_TAIL | C4: 0 | D4: 0 | E4: 0 | F4: 0 | G4: 0 | H4: 0 | I4: 0 | J4: 0 | K4: 0 | L4: 0 | M4: 0 | N4: 0 | O4: 28.125 | P4: 0 | Q4: 65.625 | R4: 0 | S4: 0 | T4: 0 | U4: 0 | V4: 0 | W4: 0 | X4: =IF($A4="","",SUM(C4:W4)) | Y4: =IF($A4="","",SUMPRODUCT(C4:W4,BREED_SUPERSET!$B$2:$B$22)/100) | Z4: =IF($A4="","",SUMPRODUCT(C4:W4,BREED_SUPERSET!$C$2:$C$22)/100) | AA4: Black Headed Dorper | AB4: Imported from paste/CSV; verify if conflicts
A5: BUCK_2433 | C5: 0 | D5: 48 | E5: 0 | F5: 0 | G5: 0 | H5: 0 | I5: 0 | J5: 2 | K5: 0 | L5: 0 | M5: 0 | N5: 0 | O5: 50 | P5: 0 | Q5: 0 | R5: 0 | S5: 0 | T5: 0 | U5: 0 | V5: 0 | W5: 0 | X5: =IF($A5="","",SUM(C5:W5)) | Y5: =IF($A5="","",SUMPRODUCT(C5:W5,BREED_SUPERSET!$B$2:$B$22)/100) | Z5: =IF($A5="","",SUMPRODUCT(C5:W5,BREED_SUPERSET!$C$2:$C$22)/100) | AA5: Katahdin | AB5: Imported from paste/CSV; verify if conflicts
A6: SIRLOIN | C6: 0 | D6: 0 | E6: 0 | F6: 0 | G6: 0 | H6: 0 | I6: 0 | J6: 0 | K6: 0 | L6: 0 | M6: 0 | N6: 0 | O6: 25 | P6: 0 | Q6: 75 | R6: 0 | S6: 0 | T6: 0 | U6: 0 | V6: 0 | W6: 0 | X6: =IF($A6="","",SUM(C6:W6)) | Y6: =IF($A6="","",SUMPRODUCT(C6:W6,BREED_SUPERSET!$B$2:$B$22)/100) | Z6: =IF($A6="","",SUMPRODUCT(C6:W6,BREED_SUPERSET!$C$2:$C$22)/100) | AB6: Imported from paste/CSV; verify if conflicts
W7: 0 | X7: =IF($A7="","",SUM(C7:W7)) | Y7: =IF($A7="","",SUMPRODUCT(C7:W7,BREED_SUPERSET!$B$2:$B$22)/100) | Z7: =IF($A7="","",SUMPRODUCT(C7:W7,BREED_SUPERSET!$C$2:$C$22)/100)
W8: 0 | X8: =IF($A8="","",SUM(C8:W8)) | Y8: =IF($A8="","",SUMPRODUCT(C8:W8,BREED_SUPERSET!$B$2:$B$22)/100) | Z8: =IF($A8="","",SUMPRODUCT(C8:W8,BREED_SUPERSET!$C$2:$C$22)/100)
W9: 0 | X9: =IF($A9="","",SUM(C9:W9)) | Y9: =IF($A9="","",SUMPRODUCT(C9:W9,BREED_SUPERSET!$B$2:$B$22)/100) | Z9: =IF($A9="","",SUMPRODUCT(C9:W9,BREED_SUPERSET!$C$2:$C$22)/100)
W10: 0 | X10: =IF($A10="","",SUM(C10:W10)) | Y10: =IF($A10="","",SUMPRODUCT(C10:W10,BREED_SUPERSET!$B$2:$B$22)/100) | Z10: =IF($A10="","",SUMPRODUCT(C10:W10,BREED_SUPERSET!$C$2:$C$22)/100)
W11: 0 | X11: =IF($A11="","",SUM(C11:W11)) | Y11: =IF($A11="","",SUMPRODUCT(C11:W11,BREED_SUPERSET!$B$2:$B$22)/100) | Z11: =IF($A11="","",SUMPRODUCT(C11:W11,BREED_SUPERSET!$C$2:$C$22)/100)
W12: 0 | X12: =IF($A12="","",SUM(C12:W12)) | Y12: =IF($A12="","",SUMPRODUCT(C12:W12,BREED_SUPERSET!$B$2:$B$22)/100) | Z12: =IF($A12="","",SUMPRODUCT(C12:W12,BREED_SUPERSET!$C$2:$C$22)/100)
W13: 0 | X13: =IF($A13="","",SUM(C13:W13)) | Y13: =IF($A13="","",SUMPRODUCT(C13:W13,BREED_SUPERSET!$B$2:$B$22)/100) | Z13: =IF($A13="","",SUMPRODUCT(C13:W13,BREED_SUPERSET!$C$2:$C$22)/100)
W14: 0 | X14: =IF($A14="","",SUM(C14:W14)) | Y14: =IF($A14="","",SUMPRODUCT(C14:W14,BREED_SUPERSET!$B$2:$B$22)/100) | Z14: =IF($A14="","",SUMPRODUCT(C14:W14,BREED_SUPERSET!$C$2:$C$22)/100)
W15: 0 | X15: =IF($A15="","",SUM(C15:W15)) | Y15: =IF($A15="","",SUMPRODUCT(C15:W15,BREED_SUPERSET!$B$2:$B$22)/100) | Z15: =IF($A15="","",SUMPRODUCT(C15:W15,BREED_SUPERSET!$C$2:$C$22)/100)
W16: 0 | X16: =IF($A16="","",SUM(C16:W16)) | Y16: =IF($A16="","",SUMPRODUCT(C16:W16,BREED_SUPERSET!$B$2:$B$22)/100) | Z16: =IF($A16="","",SUMPRODUCT(C16:W16,BREED_SUPERSET!$C$2:$C$22)/100)
W17: 0 | X17: =IF($A17="","",SUM(C17:W17)) | Y17: =IF($A17="","",SUMPRODUCT(C17:W17,BREED_SUPERSET!$B$2:$B$22)/100) | Z17: =IF($A17="","",SUMPRODUCT(C17:W17,BREED_SUPERSET!$C$2:$C$22)/100)
W18: 0 | X18: =IF($A18="","",SUM(C18:W18)) | Y18: =IF($A18="","",SUMPRODUCT(C18:W18,BREED_SUPERSET!$B$2:$B$22)/100) | Z18: =IF($A18="","",SUMPRODUCT(C18:W18,BREED_SUPERSET!$C$2:$C$22)/100)
... W61: 0 | X61: =IF($A61="","",SUM(C61:W61)) | Y61: =IF($A61="","",SUMPRODUCT(C61:W61,BREED_SUPERSET!$B$2:$B$22)/100) | Z61: =IF($A61="","",SUMPRODUCT(C61:W61,BREED_SUPERSET!$C$2:$C$22)/100)
A62: TAG_02241 | O62: 100
A63: KAT_X_AWASSI | D63: 48 | J63: 2 | O63: 50
A64: OAV_2223_2 | O64: 100
A65: FL51870_0502_PEN_1_2 | L65: 50 | S65: 50
A66: OAV_2222_2 | O66: 100
A67: SERENDIPITY | E67: 25 | M67: 25 | O67: 12.5 | Q67: 37.5
A68: NORI_0029 | C68: 50 | W68: 50
A69: ANIMAL | F69: 4.6875 | O69: 27.325 | Q69: 67.9625
A70: BANANA | O70: 62.5 | Q70: 37.5
A71: BLACK_SPOT_ON_EAR_DAUGHTER | F71: 12.5 | I71: 50 | O71: 222.875 | Q71: 302.125 | V71: 6.25
A72: CHIPOITLE_SPICY_BOI_BT1 | O72: 310.75 | Q72: 139.25
A73: BLACKSPOTONEAR | F73: 12.5 | O73: 43.75 | Q73: 37.5 | V73: 6.25
A74: THIRD_EWE | I74: 50 | O74: 214.5625 | Q74: 310.4375
A75: SMORE | I75: 100
A76: FM | H76: 50 | U76: 50
A77: FM1 | H77: 25 | O77: 12.5 | Q77: 37.5 | U77: 25
A78: ANIMAL_2 | F78: 4.6875 | O78: 27.325 | Q78: 67.9625

Sheet PERFORMANCE
A1: Date* | B1: Year (calc) | C1: AnimalID* | D1: Pen (calc) | E1: Metric* | F1: Value | G1: Units | H1: Notes
A2: 45175 | B2: =IF($A2="","",YEAR($A2)) | C2: ELSIE | D2: =IFERROR(VLOOKUP($C2,ANIMALS!$A$2:$T$61,8,FALSE),"") | E2: FAMACHA | F2: 1 | G2: score | H2: from paste; pre-lambing record
A3: 45187 | B3: =IF($A3="","",YEAR($A3)) | C3: ELSIE | D3: =IFERROR(VLOOKUP($C3,ANIMALS!$A$2:$T$61,8,FALSE),"") | E3: FAMACHA | F3: 1 | G3: score | H3: from paste; pre-lambing record
A4: 46028 | B4: =IF($A4="","",YEAR($A4)) | C4: ELSIE | D4: =IFERROR(VLOOKUP($C4,ANIMALS!$A$2:$T$61,8,FALSE),"") | E4: FAMACHA | F4: 1 | G4: score | H4: triplets born today: 2 white ewe lambs + 1 black ram lamb
A5: 44975 | B5: =IF($A5="","",YEAR($A5)) | C5: OAV_2223 | D5: =IFERROR(VLOOKUP($C5,ANIMALS!$A$2:$T$61,8,FALSE),"") | E5: FEC | F5: 100 | G5: eggs/gram | H5: UF ram test series (paste)
A6: 45022 | B6: =IF($A6="","",YEAR($A6)) | C6: OAV_2223 | D6: =IFERROR(VLOOKUP($C6,ANIMALS!$A$2:$T$61,8,FALSE),"") | E6: FEC | F6: 300 | G6: eggs/gram | H6: UF ram test series (paste)
A7: 45071 | B7: =IF($A7="","",YEAR($A7)) | C7: OAV_2223 | D7: =IFERROR(VLOOKUP($C7,ANIMALS!$A$2:$T$61,8,FALSE),"") | E7: FEC | F7: 350 | G7: eggs/gram | H7: UF ram test series (paste)
A8: 45092 | B8: =IF($A8="","",YEAR($A8)) | C8: OAV_2223 | D8: =IFERROR(VLOOKUP($C8,ANIMALS!$A$2:$T$61,8,FALSE),"") | E8: FEC | F8: 0 | G8: eggs/gram | H8: UF ram test series (paste)
A9: 45106 | B9: =IF($A9="","",YEAR($A9)) | C9: OAV_2223 | D9: =IFERROR(VLOOKUP($C9,ANIMALS!$A$2:$T$61,8,FALSE),"") | E9: FEC | F9: 0 | G9: eggs/gram | H9: UF ram test series (paste)
A10: 45120 | B10: =IF($A10="","",YEAR($A10)) | C10: OAV_2223 | D10: =IFERROR(VLOOKUP($C10,ANIMALS!$A$2:$T$61,8,FALSE),"") | E10: FEC | F10: 50 | G10: eggs/gram | H10: UF ram test series (paste)
A11: 45134 | B11: =IF($A11="","",YEAR($A11)) | C11: OAV_2223 | D11: =IFERROR(VLOOKUP($C11,ANIMALS!$A$2:$T$61,8,FALSE),"") | E11: FEC | F11: 200 | G11: eggs/gram | H11: UF ram test series (paste)
A12: 45148 | B12: =IF($A12="","",YEAR($A12)) | C12: OAV_2223 | D12: =IFERROR(VLOOKUP($C12,ANIMALS!$A$2:$T$61,8,FALSE),"") | E12: FEC | F12: 50 | G12: eggs/gram | H12: UF ram test series (paste)
A13: 45162 | B13: =IF($A13="","",YEAR($A13)) | C13: OAV_2223 | D13: =IFERROR(VLOOKUP($C13,ANIMALS!$A$2:$T$61,8,FALSE),"") | E13: FEC | F13: 200 | G13: eggs/gram | H13: UF ram test series (paste)
... A17: 44975 | B17: =IF($A17="","",YEAR($A17)) | C17: OAV_2223 | D17: =IFERROR(VLOOKUP($C17,ANIMALS!$A$2:$T$61,8,FALSE),"") | E17: AVG_FEC | F17: 138.88889 | G17: eggs/gram | H17: Average across all UF tests (paste)
B18: =IF($A18="","",YEAR($A18)) | D18: =IFERROR(VLOOKUP($C18,ANIMALS!$A$2:$T$61,8,FALSE),"")
B19: =IF($A19="","",YEAR($A19)) | D19: =IFERROR(VLOOKUP($C19,ANIMALS!$A$2:$T$61,8,FALSE),"")
B20: =IF($A20="","",YEAR($A20)) | D20: =IFERROR(VLOOKUP($C20,ANIMALS!$A$2:$T$61,8,FALSE),"")
B21: =IF($A21="","",YEAR($A21)) | D21: =IFERROR(VLOOKUP($C21,ANIMALS!$A$2:$T$61,8,FALSE),"")
B22: =IF($A22="","",YEAR($A22)) | D22: =IFERROR(VLOOKUP($C22,ANIMALS!$A$2:$T$61,8,FALSE),"")
B23: =IF($A23="","",YEAR($A23)) | D23: =IFERROR(VLOOKUP($C23,ANIMALS!$A$2:$T$61,8,FALSE),"")
B24: =IF($A24="","",YEAR($A24)) | D24: =IFERROR(VLOOKUP($C24,ANIMALS!$A$2:$T$61,8,FALSE),"")
B25: =IF($A25="","",YEAR($A25)) | D25: =IFERROR(VLOOKUP($C25,ANIMALS!$A$2:$T$61,8,FALSE),"")
B26: =IF($A26="","",YEAR($A26)) | D26: =IFERROR(VLOOKUP($C26,ANIMALS!$A$2:$T$61,8,FALSE),"")
B27: =IF($A27="","",YEAR($A27)) | D27: =IFERROR(VLOOKUP($C27,ANIMALS!$A$2:$T$61,8,FALSE),"")
B28: =IF($A28="","",YEAR($A28)) | D28: =IFERROR(VLOOKUP($C28,ANIMALS!$A$2:$T$61,8,FALSE),"")
B29: =IF($A29="","",YEAR($A29)) | D29: =IFERROR(VLOOKUP($C29,ANIMALS!$A$2:$T$61,8,FALSE),"")
... B201: =IF($A201="","",YEAR($A201)) | D201: =IFERROR(VLOOKUP($C201,ANIMALS!$A$2:$T$61,8,FALSE),"")
A202: 2026-01-06 | C202: TAG_02241 | E202: Weight | F202: 150 | G202: lb | H202: From Manatee Creek - 2241 (e).csv (date unknown)
A203: 2026-01-06 | C203: TAG_02241 | E203: Expected wt (EWE) | F203: 0 | G203: lb | H203: From Manatee Creek - 2241 (e).csv
A204: 2026-01-06 | C204: TAG_02241 | E204: Expected wt (RAM) | F204: 0 | G204: lb | H204: From Manatee Creek - 2241 (e).csv
A205: 2026-01-06 | C205: KAT_X_AWASSI | E205: Expected wt (EWE) | F205: 155.2 | G205: lb | H205: From Manatee Creek - Buck (Kat x Awassi).csv
A206: 2026-01-06 | C206: KAT_X_AWASSI | E206: Expected wt (RAM) | F206: 212 | G206: lb | H206: From Manatee Creek - Buck (Kat x Awassi).csv
A207: 2026-01-06 | C207: OAV_2223_2 | E207: Expected wt (EWE) | F207: 0 | G207: lb | H207: From Manatee Creek - OAV 2223 (r) (Kelsier).csv
A208: 2026-01-06 | C208: OAV_2223_2 | E208: Expected wt (RAM) | F208: 0 | G208: lb | H208: From Manatee Creek - OAV 2223 (r) (Kelsier).csv
A209: 2026-01-06 | C209: OAV_2223_2 | E209: ADG | F209: 0.36 | G209: lb/day | H209: From Manatee Creek - OAV 2223 (r) (Kelsier).csv (UF/NSIP table)
A210: 2026-01-06 | C210: OAV_2223_2 | E210: WDA | F210: 0.51 | G210: lb/day | H210: From Manatee Creek - OAV 2223 (r) (Kelsier).csv (UF/NSIP table)
A211: 2026-01-06 | C211: OAV_2223_2 | E211: Adj FEC | F211: 157 | G211: eggs/g | H211: From Manatee Creek - OAV 2223 (r) (Kelsier).csv (UF/NSIP table)
A212: 2026-01-06 | C212: OAV_2223_2 | E212: Avg FEC (all tests) | F212: 138.88889 | G212: eggs/g | H212: From Manatee Creek - OAV 2223 (r) (Kelsier).csv
A213: 2023-02-18 | C213: OAV_2223_2 | E213: FEC | F213: 100 | G213: eggs/g | H213: From Manatee Creek - OAV 2223 (r) (Kelsier).csv
... A289: 2026-01-07 | C289: ANIMAL_2 | E289: Expected wt (RAM) | F289: 270.91406 | G289: lb | H289: From Manatee Creek - Little Daisy(e).csv

Sheet MEDICAL
A1: Date* | B1: Year (calc) | C1: AnimalID* | D1: Pen (calc) | E1: Event Type* | F1: Severity (1-5) | G1: Description
A2: 2023-12-04 | B2: =IF($A2="","",YEAR($A2)) | C2: BROKEN_TAIL_EWE | D2: =IFERROR(VLOOKUP($C2,ANIMALS!$A$2:$T$61,8,FALSE),"") | E2: Wound care | F2: 3 | G2: Coyote attack, wound care (from paste)
B3: =IF($A3="","",YEAR($A3)) | D3: =IFERROR(VLOOKUP($C3,ANIMALS!$A$2:$T$61,8,FALSE),"")
B4: =IF($A4="","",YEAR($A4)) | D4: =IFERROR(VLOOKUP($C4,ANIMALS!$A$2:$T$61,8,FALSE),"")
B5: =IF($A5="","",YEAR($A5)) | D5: =IFERROR(VLOOKUP($C5,ANIMALS!$A$2:$T$61,8,FALSE),"")
B6: =IF($A6="","",YEAR($A6)) | D6: =IFERROR(VLOOKUP($C6,ANIMALS!$A$2:$T$61,8,FALSE),"")
B7: =IF($A7="","",YEAR($A7)) | D7: =IFERROR(VLOOKUP($C7,ANIMALS!$A$2:$T$61,8,FALSE),"")
B8: =IF($A8="","",YEAR($A8)) | D8: =IFERROR(VLOOKUP($C8,ANIMALS!$A$2:$T$61,8,FALSE),"")
B9: =IF($A9="","",YEAR($A9)) | D9: =IFERROR(VLOOKUP($C9,ANIMALS!$A$2:$T$61,8,FALSE),"")
B10: =IF($A10="","",YEAR($A10)) | D10: =IFERROR(VLOOKUP($C10,ANIMALS!$A$2:$T$61,8,FALSE),"")
B11: =IF($A11="","",YEAR($A11)) | D11: =IFERROR(VLOOKUP($C11,ANIMALS!$A$2:$T$61,8,FALSE),"")
B12: =IF($A12="","",YEAR($A12)) | D12: =IFERROR(VLOOKUP($C12,ANIMALS!$A$2:$T$61,8,FALSE),"")
B13: =IF($A13="","",YEAR($A13)) | D13: =IFERROR(VLOOKUP($C13,ANIMALS!$A$2:$T$61,8,FALSE),"")
B14: =IF($A14="","",YEAR($A14)) | D14: =IFERROR(VLOOKUP($C14,ANIMALS!$A$2:$T$61,8,FALSE),"")
... B151: =IF($A151="","",YEAR($A151)) | D151: =IFERROR(VLOOKUP($C151,ANIMALS!$A$2:$T$61,8,FALSE),"")
A152: 2023-10-05 | C152: TAG_02241 | E152: FAMACHA | F152: 2 | G152: Score 3 (from Manatee Creek - 2241 (e).csv)
A153: 2023-09-20 | C153: SERENDIPITY | E153: FAMACHA | F153: 1 | G153: Score 1 (from Manatee Creek - Serendipity.csv)
A154: 2023-09-06 | C154: ELSIE | E154: FAMACHA | F154: 1 | G154: Score 1 (from Manatee Creek - Elsie (E).csv)
A155: 2023-09-18 | C155: ELSIE | E155: FAMACHA | F155: 1 | G155: Score 1 (from Manatee Creek - Elsie (E).csv)
A156: 2023-10-05 | C156: TAG_02241 | E156: FAMACHA | F156: 3 | G156: From Manatee Creek - 2241 (e).csv
A157: Sir Loin | C157: FL51870_0502_PEN_1_2 | E157: FAMACHA | F157: 0 | G157: From Manatee Creek - GG (Gentle Giant).csv
A158: 2023-09-06 | C158: ELSIE | E158: FAMACHA | F158: 1 | G158: From Manatee Creek - Elsie (E).csv
A159: 2023-09-18 | C159: ELSIE | E159: FAMACHA | F159: 1 | G159: From Manatee Creek - Elsie (E).csv
A160: 2023-09-20 | C160: SERENDIPITY | E160: FAMACHA | F160: 1 | G160: From Manatee Creek - Serendipity.csv
A161: Sir Loin | C161: OAV_2222_2 | E161: FAMACHA | F161: 0 | G161: From Manatee Creek - OAV 2222(e).csv

Sheet REPRODUCTION
A1: Year* | B1: EweID* | C1: Lambs Born | D1: Lambs Weaned | E1: Lamb survival % (calc) | F1: Notes
A2: 2026 | B2: ELSIE | C2: 3 | E2: =IF(OR($C2="",$D2=""),"",IF($C2=0,"",$D2/$C2)) | F2: Triplets on 2026-01-06: 2 white ewe lambs + 1 black ram lamb; FAMACHA=1
E3: =IF(OR($C3="",$D3=""),"",IF($C3=0,"",$D3/$C3))
E4: =IF(OR($C4="",$D4=""),"",IF($C4=0,"",$D4/$C4))
E5: =IF(OR($C5="",$D5=""),"",IF($C5=0,"",$D5/$C5))
E6: =IF(OR($C6="",$D6=""),"",IF($C6=0,"",$D6/$C6))
E7: =IF(OR($C7="",$D7=""),"",IF($C7=0,"",$D7/$C7))
E8: =IF(OR($C8="",$D8=""),"",IF($C8=0,"",$D8/$C8))
E9: =IF(OR($C9="",$D9=""),"",IF($C9=0,"",$D9/$C9))
E10: =IF(OR($C10="",$D10=""),"",IF($C10=0,"",$D10/$C10))
E11: =IF(OR($C11="",$D11=""),"",IF($C11=0,"",$D11/$C11))
E12: =IF(OR($C12="",$D12=""),"",IF($C12=0,"",$D12/$C12))
E13: =IF(OR($C13="",$D13=""),"",IF($C13=0,"",$D13/$C13))
E14: =IF(OR($C14="",$D14=""),"",IF($C14=0,"",$D14/$C14))
... E101: =IF(OR($C101="",$D101=""),"",IF($C101=0,"",$D101/$C101))

Sheet INDEX
A1: Index (auto) — ranks animals within each Pen/Group
A3: Analysis year | B3: =YEAR('WEIGHTS_&_RULES'!$B$3)
A5: AnimalID | B5: Name | C5: Sex | D5: AgeClass | E5: Pen | F5: Status | G5: %Hair | H5: Exp EweWt | I5: Exp RamWt | J5: PrimaryBreed | K5: FAMACHA avg | L5: FEC avg | M5: Deworm count | N5: Lamb survival % | O5: Wean/90d wt | P5: ADG | Q5: Shedding score | R5: z(FAMACHA) | S5: z(FEC) | T5: z(Deworm) | U5: z(Survival) | V5: z(WeanWt) | W5: z(ADG) | X5: z(Shedding) | Y5: Hardiness (H) | Z5: Meat (M) | AA5: Hair (Hair) | AB5: Total Index
A6: =ANIMALS!A2 | B6: =ANIMALS!B2 | C6: =ANIMALS!D2 | D6: =ANIMALS!G2 | E6: =ANIMALS!H2 | F6: =ANIMALS!I2 | G6: =ANIMALS!O2 | H6: =ANIMALS!P2 | I6: =ANIMALS!Q2 | J6: =ANIMALS!R2 | K6: =IF($A6="","",AVERAGEIFS(PERFORMANCE!$F$2:$F$1000,PERFORMANCE!$C$2:$C$1000,$A6,PERFORMANCE!$E$2:$E$1000,"FAMACHA",PERFORMANCE!$B$2:$B$1000,$B$3)) | L6: =IF($A6="","",AVERAGEIFS(PERFORMANCE!$F$2:$F$1000,PERFORMANCE!$C$2:$C$1000,$A6,PERFORMANCE!$E$2:$E$1000,"FEC",PERFORMANCE!$B$2:$B$1000,$B$3)) | M6: =IF($A6="","",COUNTIFS(PERFORMANCE!$C$2:$C$1000,$A6,PERFORMANCE!$E$2:$E$1000,"DEWORM",PERFORMANCE!$B$2:$B$1000,$B$3)) | N6: =IF($A6="","",AVERAGEIFS(REPRODUCTION!$E$2:$E$1000,REPRODUCTION!$B$2:$B$1000,$A6,REPRODUCTION!$A$2:$A$1000,$B$3)) | O6: =IF($A6="","",AVERAGEIFS(PERFORMANCE!$F$2:$F$1000,PERFORMANCE!$C$2:$C$1000,$A6,PERFORMANCE!$E$2:$E$1000,"WEAN_WT",PERFORMANCE!$B$2:$B$1000,$B$3)) | P6: =IF($A6="","",AVERAGEIFS(PERFORMANCE!$F$2:$F$1000,PERFORMANCE!$C$2:$C$1000,$A6,PERFORMANCE!$E$2:$E$1000,"ADG",PERFORMANCE!$B$2:$B$1000,$B$3)) | Q6: =IF($A6="","",AVERAGEIFS(PERFORMANCE!$F$2:$F$1000,PERFORMANCE!$C$2:$C$1000,$A6,PERFORMANCE!$E$2:$E$1000,"SHEDDING",PERFORMANCE!$B$2:$B$1000,$B$3)) | R6: =IF($K6="","",IF(VLOOKUP($E6,PEN_STATS!$A$2:$V$10,4,FALSE)=0,0,-($K6-VLOOKUP($E6,PEN_STATS!$A$2:$V$10,3,FALSE))/VLOOKUP($E6,PEN_STATS!$A$2:$V$10,4,FALSE))) | S6: =IF($L6="","",IF(VLOOKUP($E6,PEN_STATS!$A$2:$V$10,7,FALSE)=0,0,-($L6-VLOOKUP($E6,PEN_STATS!$A$2:$V$10,6,FALSE))/VLOOKUP($E6,PEN_STATS!$A$2:$V$10,7,FALSE))) | T6: =IF($M6="","",IF(VLOOKUP($E6,PEN_STATS!$A$2:$V$10,10,FALSE)=0,0,-($M6-VLOOKUP($E6,PEN_STATS!$A$2:$V$10,9,FALSE))/VLOOKUP($E6,PEN_STATS!$A$2:$V$10,10,FALSE))) | U6: =IF($N6="","",IF(VLOOKUP($E6,PEN_STATS!$A$2:$V$10,13,FALSE)=0,0,($N6-VLOOKUP($E6,PEN_STATS!$A$2:$V$10,12,FALSE))/VLOOKUP($E6,PEN_STATS!$A$2:$V$10,13,FALSE))) | V6: =IF($O6="","",IF(VLOOKUP($E6,PEN_STATS!$A$2:$V$10,16,FALSE)=0,0,($O6-VLOOKUP($E6,PEN_STATS!$A$2:$V$10,15,FALSE))/VLOOKUP($E6,PEN_STATS!$A$2:$V$10,16,FALSE))) | W6: =IF($P6="","",IF(VLOOKUP($E6,PEN_STATS!$A$2:$V$10,19,FALSE)=0,0,($P6-VLOOKUP($E6,PEN_STATS!$A$2:$V$10,18,FALSE))/VLOOKUP($E6,PEN_STATS!$A$2:$V$10,19,FALSE))) | X6: =IF($Q6="","",IF(VLOOKUP($E6,PEN_STATS!$A$2:$V$10,22,FALSE)=0,0,($Q6-VLOOKUP($E6,PEN_STATS!$A$2:$V$10,21,FALSE))/VLOOKUP($E6,PEN_STATS!$A$2:$V$10,22,FALSE))) | Y6: =IF($A6="","",'WEIGHTS_&_RULES'!$B$12*$R6+'WEIGHTS_&_RULES'!$B$13*$S6+'WEIGHTS_&_RULES'!$B$14*$T6+'WEIGHTS_&_RULES'!$B$15*$U6) | Z6: =IF($A6="","",'WEIGHTS_&_RULES'!$B$19*$V6+'WEIGHTS_&_RULES'!$B$20*$W6) | AA6: =IF($A6="","",'WEIGHTS_&_RULES'!$B$24*$X6) | AB6: =IF($A6="","",'WEIGHTS_&_RULES'!$B$7*$Y6+'WEIGHTS_&_RULES'!$B$8*$Z6+'WEIGHTS_&_RULES'!$B$9*$AA6)
A7: =ANIMALS!A3 | B7: =ANIMALS!B3 | C7: =ANIMALS!D3 | D7: =ANIMALS!G3 | E7: =ANIMALS!H3 | F7: =ANIMALS!I3 | G7: =ANIMALS!O3 | H7: =ANIMALS!P3 | I7: =ANIMALS!Q3 | J7: =ANIMALS!R3 | K7: =IF($A7="","",AVERAGEIFS(PERFORMANCE!$F$2:$F$1000,PERFORMANCE!$C$2:$C$1000,$A7,PERFORMANCE!$E$2:$E$1000,"FAMACHA",PERFORMANCE!$B$2:$B$1000,$B$3)) | L7: =IF($A7="","",AVERAGEIFS(PERFORMANCE!$F$2:$F$1000,PERFORMANCE!$C$2:$C$1000,$A7,PERFORMANCE!$E$2:$E$1000,"FEC",PERFORMANCE!$B$2:$B$1000,$B$3)) | M7: =IF($A7="","",COUNTIFS(PERFORMANCE!$C$2:$C$1000,$A7,PERFORMANCE!$E$2:$E$1000,"DEWORM",PERFORMANCE!$B$2:$B$1000,$B$3)) | N7: =IF($A7="","",AVERAGEIFS(REPRODUCTION!$E$2:$E$1000,REPRODUCTION!$B$2:$B$1000,$A7,REPRODUCTION!$A$2:$A$1000,$B$3)) | O7: =IF($A7="","",AVERAGEIFS(PERFORMANCE!$F$2:$F$1000,PERFORMANCE!$C$2:$C$1000,$A7,PERFORMANCE!$E$2:$E$1000,"WEAN_WT",PERFORMANCE!$B$2:$B$1000,$B$3)) | P7: =IF($A7="","",AVERAGEIFS(PERFORMANCE!$F$2:$F$1000,PERFORMANCE!$C$2:$C$1000,$A7,PERFORMANCE!$E$2:$E$1000,"ADG",PERFORMANCE!$B$2:$B$1000,$B$3)) | Q7: =IF($A7="","",AVERAGEIFS(PERFORMANCE!$F$2:$F$1000,PERFORMANCE!$C$2:$C$1000,$A7,PERFORMANCE!$E$2:$E$1000,"SHEDDING",PERFORMANCE!$B$2:$B$1000,$B$3)) | R7: =IF($K7="","",IF(VLOOKUP($E7,PEN_STATS!$A$2:$V$10,4,FALSE)=0,0,-($K7-VLOOKUP($E7,PEN_STATS!$A$2:$V$10,3,FALSE))/VLOOKUP($E7,PEN_STATS!$A$2:$V$10,4,FALSE))) | S7: =IF($L7="","",IF(VLOOKUP($E7,PEN_STATS!$A$2:$V$10,7,FALSE)=0,0,-($L7-VLOOKUP($E7,PEN_STATS!$A$2:$V$10,6,FALSE))/VLOOKUP($E7,PEN_STATS!$A$2:$V$10,7,FALSE))) | T7: =IF($M7="","",IF(VLOOKUP($E7,PEN_STATS!$A$2:$V$10,10,FALSE)=0,0,-($M7-VLOOKUP($E7,PEN_STATS!$A$2:$V$10,9,FALSE))/VLOOKUP($E7,PEN_STATS!$A$2:$V$10,10,FALSE))) | U7: =IF($N7="","",IF(VLOOKUP($E7,PEN_STATS!$A$2:$V$10,13,FALSE)=0,0,($N7-VLOOKUP($E7,PEN_STATS!$A$2:$V$10,12,FALSE))/VLOOKUP($E7,PEN_STATS!$A$2:$V$10,13,FALSE))) | V7: =IF($O7="","",IF(VLOOKUP($E7,PEN_STATS!$A$2:$V$10,16,FALSE)=0,0,($O7-VLOOKUP($E7,PEN_STATS!$A$2:$V$10,15,FALSE))/VLOOKUP($E7,PEN_STATS!$A$2:$V$10,16,FALSE))) | W7: =IF($P7="","",IF(VLOOKUP($E7,PEN_STATS!$A$2:$V$10,19,FALSE)=0,0,($P7-VLOOKUP($E7,PEN_STATS!$A$2:$V$10,18,FALSE))/VLOOKUP($E7,PEN_STATS!$A$2:$V$10,19,FALSE))) | X7: =IF($Q7="","",IF(VLOOKUP($E7,PEN_STATS!$A$2:$V$10,22,FALSE)=0,0,($Q7-VLOOKUP($E7,PEN_STATS!$A$2:$V$10,21,FALSE))/VLOOKUP($E7,PEN_STATS!$A$2:$V$10,22,FALSE))) | Y7: =IF($A7="","",'WEIGHTS_&_RULES'!$B$12*$R7+'WEIGHTS_&_RULES'!$B$13*$S7+'WEIGHTS_&_RULES'!$B$14*$T7+'WEIGHTS_&_RULES'!$B$15*$U7) | Z7: =IF($A7="","",'WEIGHTS_&_RULES'!$B$19*$V7+'WEIGHTS_&_RULES'!$B$20*$W7) | AA7: =IF($A7="","",'WEIGHTS_&_RULES'!$B$24*$X7) | AB7: =IF($A7="","",'WEIGHTS_&_RULES'!$B$7*$Y7+'WEIGHTS_&_RULES'!$B$8*$Z7+'WEIGHTS_&_RULES'!$B$9*$AA7)
A8: =ANIMALS!A4 | B8: =ANIMALS!B4 | C8: =ANIMALS!D4 | D8: =ANIMALS!G4 | E8: =ANIMALS!H4 | F8: =ANIMALS!I4 | G8: =ANIMALS!O4 | H8: =ANIMALS!P4 | I8: =ANIMALS!Q4 | J8: =ANIMALS!R4 | K8: =IF($A8="","",AVERAGEIFS(PERFORMANCE!$F$2:$F$1000,PERFORMANCE!$C$2:$C$1000,$A8,PERFORMANCE!$E$2:$E$1000,"FAMACHA",PERFORMANCE!$B$2:$B$1000,$B$3)) | L8: =IF($A8="","",AVERAGEIFS(PERFORMANCE!$F$2:$F$1000,PERFORMANCE!$C$2:$C$1000,$A8,PERFORMANCE!$E$2:$E$1000,"FEC",PERFORMANCE!$B$2:$B$1000,$B$3)) | M8: =IF($A8="","",COUNTIFS(PERFORMANCE!$C$2:$C$1000,$A8,PERFORMANCE!$E$2:$E$1000,"DEWORM",PERFORMANCE!$B$2:$B$1000,$B$3)) | N8: =IF($A8="","",AVERAGEIFS(REPRODUCTION!$E$2:$E$1000,REPRODUCTION!$B$2:$B$1000,$A8,REPRODUCTION!$A$2:$A$1000,$B$3)) | O8: =IF($A8="","",AVERAGEIFS(PERFORMANCE!$F$2:$F$1000,PERFORMANCE!$C$2:$C$1000,$A8,PERFORMANCE!$E$2:$E$1000,"WEAN_WT",PERFORMANCE!$B$2:$B$1000,$B$3)) | P8: =IF($A8="","",AVERAGEIFS(PERFORMANCE!$F$2:$F$1000,PERFORMANCE!$C$2:$C$1000,$A8,PERFORMANCE!$E$2:$E$1000,"ADG",PERFORMANCE!$B$2:$B$1000,$B$3)) | Q8: =IF($A8="","",AVERAGEIFS(PERFORMANCE!$F$2:$F$1000,PERFORMANCE!$C$2:$C$1000,$A8,PERFORMANCE!$E$2:$E$1000,"SHEDDING",PERFORMANCE!$B$2:$B$1000,$B$3)) | R8: =IF($K8="","",IF(VLOOKUP($E8,PEN_STATS!$A$2:$V$10,4,FALSE)=0,0,-($K8-VLOOKUP($E8,PEN_STATS!$A$2:$V$10,3,FALSE))/VLOOKUP($E8,PEN_STATS!$A$2:$V$10,4,FALSE))) | S8: =IF($L8="","",IF(VLOOKUP($E8,PEN_STATS!$A$2:$V$10,7,FALSE)=0,0,-($L8-VLOOKUP($E8,PEN_STATS!$A$2:$V$10,6,FALSE))/VLOOKUP($E8,PEN_STATS!$A$2:$V$10,7,FALSE))) | T8: =IF($M8="","",IF(VLOOKUP($E8,PEN_STATS!$A$2:$V$10,10,FALSE)=0,0,-($M8-VLOOKUP($E8,PEN_STATS!$A$2:$V$10,9,FALSE))/VLOOKUP($E8,PEN_STATS!$A$2:$V$10,10,FALSE))) | U8: =IF($N8="","",IF(VLOOKUP($E8,PEN_STATS!$A$2:$V$10,13,FALSE)=0,0,($N8-VLOOKUP($E8,PEN_STATS!$A$2:$V$10,12,FALSE))/VLOOKUP($E8,PEN_STATS!$A$2:$V$10,13,FALSE))) | V8: =IF($O8="","",IF(VLOOKUP($E8,PEN_STATS!$A$2:$V$10,16,FALSE)=0,0,($O8-VLOOKUP($E8,PEN_STATS!$A$2:$V$10,15,FALSE))/VLOOKUP($E8,PEN_STATS!$A$2:$V$10,16,FALSE))) | W8: =IF($P8="","",IF(VLOOKUP($E8,PEN_STATS!$A$2:$V$10,19,FALSE)=0,0,($P8-VLOOKUP($E8,PEN_STATS!$A$2:$V$10,18,FALSE))/VLOOKUP($E8,PEN_STATS!$A$2:$V$10,19,FALSE))) | X8: =IF($Q8="","",IF(VLOOKUP($E8,PEN_STATS!$A$2:$V$10,22,FALSE)=0,0,($Q8-VLOOKUP($E8,PEN_STATS!$A$2:$V$10,21,FALSE))/VLOOKUP($E8,PEN_STATS!$A$2:$V$10,22,FALSE))) | Y8: =IF($A8="","",'WEIGHTS_&_RULES'!$B$12*$R8+'WEIGHTS_&_RULES'!$B$13*$S8+'WEIGHTS_&_RULES'!$B$14*$T8+'WEIGHTS_&_RULES'!$B$15*$U8) | Z8: =IF($A8="","",'WEIGHTS_&_RULES'!$B$19*$V8+'WEIGHTS_&_RULES'!$B$20*$W8) | AA8: =IF($A8="","",'WEIGHTS_&_RULES'!$B$24*$X8) | AB8: =IF($A8="","",'WEIGHTS_&_RULES'!$B$7*$Y8+'WEIGHTS_&_RULES'!$B$8*$Z8+'WEIGHTS_&_RULES'!$B$9*$AA8)
A9: =ANIMALS!A5 | B9: =ANIMALS!B5 | C9: =ANIMALS!D5 | D9: =ANIMALS!G5 | E9: =ANIMALS!H5 | F9: =ANIMALS!I5 | G9: =ANIMALS!O5 | H9: =ANIMALS!P5 | I9: =ANIMALS!Q5 | J9: =ANIMALS!R5 | K9: =IF($A9="","",AVERAGEIFS(PERFORMANCE!$F$2:$F$1000,PERFORMANCE!$C$2:$C$1000,$A9,PERFORMANCE!$E$2:$E$1000,"FAMACHA",PERFORMANCE!$B$2:$B$1000,$B$3)) | L9: =IF($A9="","",AVERAGEIFS(PERFORMANCE!$F$2:$F$1000,PERFORMANCE!$C$2:$C$1000,$A9,PERFORMANCE!$E$2:$E$1000,"FEC",PERFORMANCE!$B$2:$B$1000,$B$3)) | M9: =IF($A9="","",COUNTIFS(PERFORMANCE!$C$2:$C$1000,$A9,PERFORMANCE!$E$2:$E$1000,"DEWORM",PERFORMANCE!$B$2:$B$1000,$B$3)) | N9: =IF($A9="","",AVERAGEIFS(REPRODUCTION!$E$2:$E$1000,REPRODUCTION!$B$2:$B$1000,$A9,REPRODUCTION!$A$2:$A$1000,$B$3)) | O9: =IF($A9="","",AVERAGEIFS(PERFORMANCE!$F$2:$F$1000,PERFORMANCE!$C$2:$C$1000,$A9,PERFORMANCE!$E$2:$E$1000,"WEAN_WT",PERFORMANCE!$B$2:$B$1000,$B$3)) | P9: =IF($A9="","",AVERAGEIFS(PERFORMANCE!$F$2:$F$1000,PERFORMANCE!$C$2:$C$1000,$A9,PERFORMANCE!$E$2:$E$1000,"ADG",PERFORMANCE!$B$2:$B$1000,$B$3)) | Q9: =IF($A9="","",AVERAGEIFS(PERFORMANCE!$F$2:$F$1000,PERFORMANCE!$C$2:$C$1000,$A9,PERFORMANCE!$E$2:$E$1000,"SHEDDING",PERFORMANCE!$B$2:$B$1000,$B$3)) | R9: =IF($K9="","",IF(VLOOKUP($E9,PEN_STATS!$A$2:$V$10,4,FALSE)=0,0,-($K9-VLOOKUP($E9,PEN_STATS!$A$2:$V$10,3,FALSE))/VLOOKUP($E9,PEN_STATS!$A$2:$V$10,4,FALSE))) | S9: =IF($L9="","",IF(VLOOKUP($E9,PEN_STATS!$A$2:$V$10,7,FALSE)=0,0,-($L9-VLOOKUP($E9,PEN_STATS!$A$2:$V$10,6,FALSE))/VLOOKUP($E9,PEN_STATS!$A$2:$V$10,7,FALSE))) | T9: =IF($M9="","",IF(VLOOKUP($E9,PEN_STATS!$A$2:$V$10,10,FALSE)=0,0,-($M9-VLOOKUP($E9,PEN_STATS!$A$2:$V$10,9,FALSE))/VLOOKUP($E9,PEN_STATS!$A$2:$V$10,10,FALSE))) | U9: =IF($N9="","",IF(VLOOKUP($E9,PEN_STATS!$A$2:$V$10,13,FALSE)=0,0,($N9-VLOOKUP($E9,PEN_STATS!$A$2:$V$10,12,FALSE))/VLOOKUP($E9,PEN_STATS!$A$2:$V$10,13,FALSE))) | V9: =IF($O9="","",IF(VLOOKUP($E9,PEN_STATS!$A$2:$V$10,16,FALSE)=0,0,($O9-VLOOKUP($E9,PEN_STATS!$A$2:$V$10,15,FALSE))/VLOOKUP($E9,PEN_STATS!$A$2:$V$10,16,FALSE))) | W9: =IF($P9="","",IF(VLOOKUP($E9,PEN_STATS!$A$2:$V$10,19,FALSE)=0,0,($P9-VLOOKUP($E9,PEN_STATS!$A$2:$V$10,18,FALSE))/VLOOKUP($E9,PEN_STATS!$A$2:$V$10,19,FALSE))) | X9: =IF($Q9="","",IF(VLOOKUP($E9,PEN_STATS!$A$2:$V$10,22,FALSE)=0,0,($Q9-VLOOKUP($E9,PEN_STATS!$A$2:$V$10,21,FALSE))/VLOOKUP($E9,PEN_STATS!$A$2:$V$10,22,FALSE))) | Y9: =IF($A9="","",'WEIGHTS_&_RULES'!$B$12*$R9+'WEIGHTS_&_RULES'!$B$13*$S9+'WEIGHTS_&_RULES'!$B$14*$T9+'WEIGHTS_&_RULES'!$B$15*$U9) | Z9: =IF($A9="","",'WEIGHTS_&_RULES'!$B$19*$V9+'WEIGHTS_&_RULES'!$B$20*$W9) | AA9: =IF($A9="","",'WEIGHTS_&_RULES'!$B$24*$X9) | AB9: =IF($A9="","",'WEIGHTS_&_RULES'!$B$7*$Y9+'WEIGHTS_&_RULES'!$B$8*$Z9+'WEIGHTS_&_RULES'!$B$9*$AA9)
A10: =ANIMALS!A6 | B10: =ANIMALS!B6 | C10: =ANIMALS!D6 | D10: =ANIMALS!G6 | E10: =ANIMALS!H6 | F10: =ANIMALS!I6 | G10: =ANIMALS!O6 | H10: =ANIMALS!P6 | I10: =ANIMALS!Q6 | J10: =ANIMALS!R6 | K10: =IF($A10="","",AVERAGEIFS(PERFORMANCE!$F$2:$F$1000,PERFORMANCE!$C$2:$C$1000,$A10,PERFORMANCE!$E$2:$E$1000,"FAMACHA",PERFORMANCE!$B$2:$B$1000,$B$3)) | L10: =IF($A10="","",AVERAGEIFS(PERFORMANCE!$F$2:$F$1000,PERFORMANCE!$C$2:$C$1000,$A10,PERFORMANCE!$E$2:$E$1000,"FEC",PERFORMANCE!$B$2:$B$1000,$B$3)) | M10: =IF($A10="","",COUNTIFS(PERFORMANCE!$C$2:$C$1000,$A10,PERFORMANCE!$E$2:$E$1000,"DEWORM",PERFORMANCE!$B$2:$B$1000,$B$3)) | N10: =IF($A10="","",AVERAGEIFS(REPRODUCTION!$E$2:$E$1000,REPRODUCTION!$B$2:$B$1000,$A10,REPRODUCTION!$A$2:$A$1000,$B$3)) | O10: =IF($A10="","",AVERAGEIFS(PERFORMANCE!$F$2:$F$1000,PERFORMANCE!$C$2:$C$1000,$A10,PERFORMANCE!$E$2:$E$1000,"WEAN_WT",PERFORMANCE!$B$2:$B$1000,$B$3)) | P10: =IF($A10="","",AVERAGEIFS(PERFORMANCE!$F$2:$F$1000,PERFORMANCE!$C$2:$C$1000,$A10,PERFORMANCE!$E$2:$E$1000,"ADG",PERFORMANCE!$B$2:$B$1000,$B$3)) | Q10: =IF($A10="","",AVERAGEIFS(PERFORMANCE!$F$2:$F$1000,PERFORMANCE!$C$2:$C$1000,$A10,PERFORMANCE!$E$2:$E$1000,"SHEDDING",PERFORMANCE!$B$2:$B$1000,$B$3)) | R10: =IF($K10="","",IF(VLOOKUP($E10,PEN_STATS!$A$2:$V$10,4,FALSE)=0,0,-($K10-VLOOKUP($E10,PEN_STATS!$A$2:$V$10,3,FALSE))/VLOOKUP($E10,PEN_STATS!$A$2:$V$10,4,FALSE))) | S10: =IF($L10="","",IF(VLOOKUP($E10,PEN_STATS!$A$2:$V$10,7,FALSE)=0,0,-($L10-VLOOKUP($E10,PEN_STATS!$A$2:$V$10,6,FALSE))/VLOOKUP($E10,PEN_STATS!$A$2:$V$10,7,FALSE))) | T10: =IF($M10="","",IF(VLOOKUP($E10,PEN_STATS!$A$2:$V$10,10,FALSE)=0,0,-($M10-VLOOKUP($E10,PEN_STATS!$A$2:$V$10,9,FALSE))/VLOOKUP($E10,PEN_STATS!$A$2:$V$10,10,FALSE))) | U10: =IF($N10="","",IF(VLOOKUP($E10,PEN_STATS!$A$2:$V$10,13,FALSE)=0,0,($N10-VLOOKUP($E10,PEN_STATS!$A$2:$V$10,12,FALSE))/VLOOKUP($E10,PEN_STATS!$A$2:$V$10,13,FALSE))) | V10: =IF($O10="","",IF(VLOOKUP($E10,PEN_STATS!$A$2:$V$10,16,FALSE)=0,0,($O10-VLOOKUP($E10,PEN_STATS!$A$2:$V$10,15,FALSE))/VLOOKUP($E10,PEN_STATS!$A$2:$V$10,16,FALSE))) | W10: =IF($P10="","",IF(VLOOKUP($E10,PEN_STATS!$A$2:$V$10,19,FALSE)=0,0,($P10-VLOOKUP($E10,PEN_STATS!$A$2:$V$10,18,FALSE))/VLOOKUP($E10,PEN_STATS!$A$2:$V$10,19,FALSE))) | X10: =IF($Q10="","",IF(VLOOKUP($E10,PEN_STATS!$A$2:$V$10,22,FALSE)=0,0,($Q10-VLOOKUP($E10,PEN_STATS!$A$2:$V$10,21,FALSE))/VLOOKUP($E10,PEN_STATS!$A$2:$V$10,22,FALSE))) | Y10: =IF($A10="","",'WEIGHTS_&_RULES'!$B$12*$R10+'WEIGHTS_&_RULES'!$B$13*$S10+'WEIGHTS_&_RULES'!$B$14*$T10+'WEIGHTS_&_RULES'!$B$15*$U10) | Z10: =IF($A10="","",'WEIGHTS_&_RULES'!$B$19*$V10+'WEIGHTS_&_RULES'!$B$20*$W10) | AA10: =IF($A10="","",'WEIGHTS_&_RULES'!$B$24*$X10) | AB10: =IF($A10="","",'WEIGHTS_&_RULES'!$B$7*$Y10+'WEIGHTS_&_RULES'!$B$8*$Z10+'WEIGHTS_&_RULES'!$B$9*$AA10)
A11: =ANIMALS!A7 | B11: =ANIMALS!B7 | C11: =ANIMALS!D7 | D11: =ANIMALS!G7 | E11: =ANIMALS!H7 | F11: =ANIMALS!I7 | G11: =ANIMALS!O7 | H11: =ANIMALS!P7 | I11: =ANIMALS!Q7 | J11: =ANIMALS!R7 | K11: =IF($A11="","",AVERAGEIFS(PERFORMANCE!$F$2:$F$1000,PERFORMANCE!$C$2:$C$1000,$A11,PERFORMANCE!$E$2:$E$1000,"FAMACHA",PERFORMANCE!$B$2:$B$1000,$B$3)) | L11: =IF($A11="","",AVERAGEIFS(PERFORMANCE!$F$2:$F$1000,PERFORMANCE!$C$2:$C$1000,$A11,PERFORMANCE!$E$2:$E$1000,"FEC",PERFORMANCE!$B$2:$B$1000,$B$3)) | M11: =IF($A11="","",COUNTIFS(PERFORMANCE!$C$2:$C$1000,$A11,PERFORMANCE!$E$2:$E$1000,"DEWORM",PERFORMANCE!$B$2:$B$1000,$B$3)) | N11: =IF($A11="","",AVERAGEIFS(REPRODUCTION!$E$2:$E$1000,REPRODUCTION!$B$2:$B$1000,$A11,REPRODUCTION!$A$2:$A$1000,$B$3)) | O11: =IF($A11="","",AVERAGEIFS(PERFORMANCE!$F$2:$F$1000,PERFORMANCE!$C$2:$C$1000,$A11,PERFORMANCE!$E$2:$E$1000,"WEAN_WT",PERFORMANCE!$B$2:$B$1000,$B$3)) | P11: =IF($A11="","",AVERAGEIFS(PERFORMANCE!$F$2:$F$1000,PERFORMANCE!$C$2:$C$1000,$A11,PERFORMANCE!$E$2:$E$1000,"ADG",PERFORMANCE!$B$2:$B$1000,$B$3)) | Q11: =IF($A11="","",AVERAGEIFS(PERFORMANCE!$F$2:$F$1000,PERFORMANCE!$C$2:$C$1000,$A11,PERFORMANCE!$E$2:$E$1000,"SHEDDING",PERFORMANCE!$B$2:$B$1000,$B$3)) | R11: =IF($K11="","",IF(VLOOKUP($E11,PEN_STATS!$A$2:$V$10,4,FALSE)=0,0,-($K11-VLOOKUP($E11,PEN_STATS!$A$2:$V$10,3,FALSE))/VLOOKUP($E11,PEN_STATS!$A$2:$V$10,4,FALSE))) | S11: =IF($L11="","",IF(VLOOKUP($E11,PEN_STATS!$A$2:$V$10,7,FALSE)=0,0,-($L11-VLOOKUP($E11,PEN_STATS!$A$2:$V$10,6,FALSE))/VLOOKUP($E11,PEN_STATS!$A$2:$V$10,7,FALSE))) | T11: =IF($M11="","",IF(VLOOKUP($E11,PEN_STATS!$A$2:$V$10,10,FALSE)=0,0,-($M11-VLOOKUP($E11,PEN_STATS!$A$2:$V$10,9,FALSE))/VLOOKUP($E11,PEN_STATS!$A$2:$V$10,10,FALSE))) | U11: =IF($N11="","",IF(VLOOKUP($E11,PEN_STATS!$A$2:$V$10,13,FALSE)=0,0,($N11-VLOOKUP($E11,PEN_STATS!$A$2:$V$10,12,FALSE))/VLOOKUP($E11,PEN_STATS!$A$2:$V$10,13,FALSE))) | V11: =IF($O11="","",IF(VLOOKUP($E11,PEN_STATS!$A$2:$V$10,16,FALSE)=0,0,($O11-VLOOKUP($E11,PEN_STATS!$A$2:$V$10,15,FALSE))/VLOOKUP($E11,PEN_STATS!$A$2:$V$10,16,FALSE))) | W11: =IF($P11="","",IF(VLOOKUP($E11,PEN_STATS!$A$2:$V$10,19,FALSE)=0,0,($P11-VLOOKUP($E11,PEN_STATS!$A$2:$V$10,18,FALSE))/VLOOKUP($E11,PEN_STATS!$A$2:$V$10,19,FALSE))) | X11: =IF($Q11="","",IF(VLOOKUP($E11,PEN_STATS!$A$2:$V$10,22,FALSE)=0,0,($Q11-VLOOKUP($E11,PEN_STATS!$A$2:$V$10,21,FALSE))/VLOOKUP($E11,PEN_STATS!$A$2:$V$10,22,FALSE))) | Y11: =IF($A11="","",'WEIGHTS_&_RULES'!$B$12*$R11+'WEIGHTS_&_RULES'!$B$13*$S11+'WEIGHTS_&_RULES'!$B$14*$T11+'WEIGHTS_&_RULES'!$B$15*$U11) | Z11: =IF($A11="","",'WEIGHTS_&_RULES'!$B$19*$V11+'WEIGHTS_&_RULES'!$B$20*$W11) | AA11: =IF($A11="","",'WEIGHTS_&_RULES'!$B$24*$X11) | AB11: =IF($A11="","",'WEIGHTS_&_RULES'!$B$7*$Y11+'WEIGHTS_&_RULES'!$B$8*$Z11+'WEIGHTS_&_RULES'!$B$9*$AA11)
A12: =ANIMALS!A8 | B12: =ANIMALS!B8 | C12: =ANIMALS!D8 | D12: =ANIMALS!G8 | E12: =ANIMALS!H8 | F12: =ANIMALS!I8 | G12: =ANIMALS!O8 | H12: =ANIMALS!P8 | I12: =ANIMALS!Q8 | J12: =ANIMALS!R8 | K12: =IF($A12="","",AVERAGEIFS(PERFORMANCE!$F$2:$F$1000,PERFORMANCE!$C$2:$C$1000,$A12,PERFORMANCE!$E$2:$E$1000,"FAMACHA",PERFORMANCE!$B$2:$B$1000,$B$3)) | L12: =IF($A12="","",AVERAGEIFS(PERFORMANCE!$F$2:$F$1000,PERFORMANCE!$C$2:$C$1000,$A12,PERFORMANCE!$E$2:$E$1000,"FEC",PERFORMANCE!$B$2:$B$1000,$B$3)) | M12: =IF($A12="","",COUNTIFS(PERFORMANCE!$C$2:$C$1000,$A12,PERFORMANCE!$E$2:$E$1000,"DEWORM",PERFORMANCE!$B$2:$B$1000,$B$3)) | N12: =IF($A12="","",AVERAGEIFS(REPRODUCTION!$E$2:$E$1000,REPRODUCTION!$B$2:$B$1000,$A12,REPRODUCTION!$A$2:$A$1000,$B$3)) | O12: =IF($A12="","",AVERAGEIFS(PERFORMANCE!$F$2:$F$1000,PERFORMANCE!$C$2:$C$1000,$A12,PERFORMANCE!$E$2:$E$1000,"WEAN_WT",PERFORMANCE!$B$2:$B$1000,$B$3)) | P12: =IF($A12="","",AVERAGEIFS(PERFORMANCE!$F$2:$F$1000,PERFORMANCE!$C$2:$C$1000,$A12,PERFORMANCE!$E$2:$E$1000,"ADG",PERFORMANCE!$B$2:$B$1000,$B$3)) | Q12: =IF($A12="","",AVERAGEIFS(PERFORMANCE!$F$2:$F$1000,PERFORMANCE!$C$2:$C$1000,$A12,PERFORMANCE!$E$2:$E$1000,"SHEDDING",PERFORMANCE!$B$2:$B$1000,$B$3)) | R12: =IF($K12="","",IF(VLOOKUP($E12,PEN_STATS!$A$2:$V$10,4,FALSE)=0,0,-($K12-VLOOKUP($E12,PEN_STATS!$A$2:$V$10,3,FALSE))/VLOOKUP($E12,PEN_STATS!$A$2:$V$10,4,FALSE))) | S12: =IF($L12="","",IF(VLOOKUP($E12,PEN_STATS!$A$2:$V$10,7,FALSE)=0,0,-($L12-VLOOKUP($E12,PEN_STATS!$A$2:$V$10,6,FALSE))/VLOOKUP($E12,PEN_STATS!$A$2:$V$10,7,FALSE))) | T12: =IF($M12="","",IF(VLOOKUP($E12,PEN_STATS!$A$2:$V$10,10,FALSE)=0,0,-($M12-VLOOKUP($E12,PEN_STATS!$A$2:$V$10,9,FALSE))/VLOOKUP($E12,PEN_STATS!$A$2:$V$10,10,FALSE))) | U12: =IF($N12="","",IF(VLOOKUP($E12,PEN_STATS!$A$2:$V$10,13,FALSE)=0,0,($N12-VLOOKUP($E12,PEN_STATS!$A$2:$V$10,12,FALSE))/VLOOKUP($E12,PEN_STATS!$A$2:$V$10,13,FALSE))) | V12: =IF($O12="","",IF(VLOOKUP($E12,PEN_STATS!$A$2:$V$10,16,FALSE)=0,0,($O12-VLOOKUP($E12,PEN_STATS!$A$2:$V$10,15,FALSE))/VLOOKUP($E12,PEN_STATS!$A$2:$V$10,16,FALSE))) | W12: =IF($P12="","",IF(VLOOKUP($E12,PEN_STATS!$A$2:$V$10,19,FALSE)=0,0,($P12-VLOOKUP($E12,PEN_STATS!$A$2:$V$10,18,FALSE))/VLOOKUP($E12,PEN_STATS!$A$2:$V$10,19,FALSE))) | X12: =IF($Q12="","",IF(VLOOKUP($E12,PEN_STATS!$A$2:$V$10,22,FALSE)=0,0,($Q12-VLOOKUP($E12,PEN_STATS!$A$2:$V$10,21,FALSE))/VLOOKUP($E12,PEN_STATS!$A$2:$V$10,22,FALSE))) | Y12: =IF($A12="","",'WEIGHTS_&_RULES'!$B$12*$R12+'WEIGHTS_&_RULES'!$B$13*$S12+'WEIGHTS_&_RULES'!$B$14*$T12+'WEIGHTS_&_RULES'!$B$15*$U12) | Z12: =IF($A12="","",'WEIGHTS_&_RULES'!$B$19*$V12+'WEIGHTS_&_RULES'!$B$20*$W12) | AA12: =IF($A12="","",'WEIGHTS_&_RULES'!$B$24*$X12) | AB12: =IF($A12="","",'WEIGHTS_&_RULES'!$B$7*$Y12+'WEIGHTS_&_RULES'!$B$8*$Z12+'WEIGHTS_&_RULES'!$B$9*$AA12)
A13: =ANIMALS!A9 | B13: =ANIMALS!B9 | C13: =ANIMALS!D9 | D13: =ANIMALS!G9 | E13: =ANIMALS!H9 | F13: =ANIMALS!I9 | G13: =ANIMALS!O9 | H13: =ANIMALS!P9 | I13: =ANIMALS!Q9 | J13: =ANIMALS!R9 | K13: =IF($A13="","",AVERAGEIFS(PERFORMANCE!$F$2:$F$1000,PERFORMANCE!$C$2:$C$1000,$A13,PERFORMANCE!$E$2:$E$1000,"FAMACHA",PERFORMANCE!$B$2:$B$1000,$B$3)) | L13: =IF($A13="","",AVERAGEIFS(PERFORMANCE!$F$2:$F$1000,PERFORMANCE!$C$2:$C$1000,$A13,PERFORMANCE!$E$2:$E$1000,"FEC",PERFORMANCE!$B$2:$B$1000,$B$3)) | M13: =IF($A13="","",COUNTIFS(PERFORMANCE!$C$2:$C$1000,$A13,PERFORMANCE!$E$2:$E$1000,"DEWORM",PERFORMANCE!$B$2:$B$1000,$B$3)) | N13: =IF($A13="","",AVERAGEIFS(REPRODUCTION!$E$2:$E$1000,REPRODUCTION!$B$2:$B$1000,$A13,REPRODUCTION!$A$2:$A$1000,$B$3)) | O13: =IF($A13="","",AVERAGEIFS(PERFORMANCE!$F$2:$F$1000,PERFORMANCE!$C$2:$C$1000,$A13,PERFORMANCE!$E$2:$E$1000,"WEAN_WT",PERFORMANCE!$B$2:$B$1000,$B$3)) | P13: =IF($A13="","",AVERAGEIFS(PERFORMANCE!$F$2:$F$1000,PERFORMANCE!$C$2:$C$1000,$A13,PERFORMANCE!$E$2:$E$1000,"ADG",PERFORMANCE!$B$2:$B$1000,$B$3)) | Q13: =IF($A13="","",AVERAGEIFS(PERFORMANCE!$F$2:$F$1000,PERFORMANCE!$C$2:$C$1000,$A13,PERFORMANCE!$E$2:$E$1000,"SHEDDING",PERFORMANCE!$B$2:$B$1000,$B$3)) | R13: =IF($K13="","",IF(VLOOKUP($E13,PEN_STATS!$A$2:$V$10,4,FALSE)=0,0,-($K13-VLOOKUP($E13,PEN_STATS!$A$2:$V$10,3,FALSE))/VLOOKUP($E13,PEN_STATS!$A$2:$V$10,4,FALSE))) | S13: =IF($L13="","",IF(VLOOKUP($E13,PEN_STATS!$A$2:$V$10,7,FALSE)=0,0,-($L13-VLOOKUP($E13,PEN_STATS!$A$2:$V$10,6,FALSE))/VLOOKUP($E13,PEN_STATS!$A$2:$V$10,7,FALSE))) | T13: =IF($M13="","",IF(VLOOKUP($E13,PEN_STATS!$A$2:$V$10,10,FALSE)=0,0,-($M13-VLOOKUP($E13,PEN_STATS!$A$2:$V$10,9,FALSE))/VLOOKUP($E13,PEN_STATS!$A$2:$V$10,10,FALSE))) | U13: =IF($N13="","",IF(VLOOKUP($E13,PEN_STATS!$A$2:$V$10,13,FALSE)=0,0,($N13-VLOOKUP($E13,PEN_STATS!$A$2:$V$10,12,FALSE))/VLOOKUP($E13,PEN_STATS!$A$2:$V$10,13,FALSE))) | V13: =IF($O13="","",IF(VLOOKUP($E13,PEN_STATS!$A$2:$V$10,16,FALSE)=0,0,($O13-VLOOKUP($E13,PEN_STATS!$A$2:$V$10,15,FALSE))/VLOOKUP($E13,PEN_STATS!$A$2:$V$10,16,FALSE))) | W13: =IF($P13="","",IF(VLOOKUP($E13,PEN_STATS!$A$2:$V$10,19,FALSE)=0,0,($P13-VLOOKUP($E13,PEN_STATS!$A$2:$V$10,18,FALSE))/VLOOKUP($E13,PEN_STATS!$A$2:$V$10,19,FALSE))) | X13: =IF($Q13="","",IF(VLOOKUP($E13,PEN_STATS!$A$2:$V$10,22,FALSE)=0,0,($Q13-VLOOKUP($E13,PEN_STATS!$A$2:$V$10,21,FALSE))/VLOOKUP($E13,PEN_STATS!$A$2:$V$10,22,FALSE))) | Y13: =IF($A13="","",'WEIGHTS_&_RULES'!$B$12*$R13+'WEIGHTS_&_RULES'!$B$13*$S13+'WEIGHTS_&_RULES'!$B$14*$T13+'WEIGHTS_&_RULES'!$B$15*$U13) | Z13: =IF($A13="","",'WEIGHTS_&_RULES'!$B$19*$V13+'WEIGHTS_&_RULES'!$B$20*$W13) | AA13: =IF($A13="","",'WEIGHTS_&_RULES'!$B$24*$X13) | AB13: =IF($A13="","",'WEIGHTS_&_RULES'!$B$7*$Y13+'WEIGHTS_&_RULES'!$B$8*$Z13+'WEIGHTS_&_RULES'!$B$9*$AA13)
A14: =ANIMALS!A10 | B14: =ANIMALS!B10 | C14: =ANIMALS!D10 | D14: =ANIMALS!G10 | E14: =ANIMALS!H10 | F14: =ANIMALS!I10 | G14: =ANIMALS!O10 | H14: =ANIMALS!P10 | I14: =ANIMALS!Q10 | J14: =ANIMALS!R10 | K14: =IF($A14="","",AVERAGEIFS(PERFORMANCE!$F$2:$F$1000,PERFORMANCE!$C$2:$C$1000,$A14,PERFORMANCE!$E$2:$E$1000,"FAMACHA",PERFORMANCE!$B$2:$B$1000,$B$3)) | L14: =IF($A14="","",AVERAGEIFS(PERFORMANCE!$F$2:$F$1000,PERFORMANCE!$C$2:$C$1000,$A14,PERFORMANCE!$E$2:$E$1000,"FEC",PERFORMANCE!$B$2:$B$1000,$B$3)) | M14: =IF($A14="","",COUNTIFS(PERFORMANCE!$C$2:$C$1000,$A14,PERFORMANCE!$E$2:$E$1000,"DEWORM",PERFORMANCE!$B$2:$B$1000,$B$3)) | N14: =IF($A14="","",AVERAGEIFS(REPRODUCTION!$E$2:$E$1000,REPRODUCTION!$B$2:$B$1000,$A14,REPRODUCTION!$A$2:$A$1000,$B$3)) | O14: =IF($A14="","",AVERAGEIFS(PERFORMANCE!$F$2:$F$1000,PERFORMANCE!$C$2:$C$1000,$A14,PERFORMANCE!$E$2:$E$1000,"WEAN_WT",PERFORMANCE!$B$2:$B$1000,$B$3)) | P14: =IF($A14="","",AVERAGEIFS(PERFORMANCE!$F$2:$F$1000,PERFORMANCE!$C$2:$C$1000,$A14,PERFORMANCE!$E$2:$E$1000,"ADG",PERFORMANCE!$B$2:$B$1000,$B$3)) | Q14: =IF($A14="","",AVERAGEIFS(PERFORMANCE!$F$2:$F$1000,PERFORMANCE!$C$2:$C$1000,$A14,PERFORMANCE!$E$2:$E$1000,"SHEDDING",PERFORMANCE!$B$2:$B$1000,$B$3)) | R14: =IF($K14="","",IF(VLOOKUP($E14,PEN_STATS!$A$2:$V$10,4,FALSE)=0,0,-($K14-VLOOKUP($E14,PEN_STATS!$A$2:$V$10,3,FALSE))/VLOOKUP($E14,PEN_STATS!$A$2:$V$10,4,FALSE))) | S14: =IF($L14="","",IF(VLOOKUP($E14,PEN_STATS!$A$2:$V$10,7,FALSE)=0,0,-($L14-VLOOKUP($E14,PEN_STATS!$A$2:$V$10,6,FALSE))/VLOOKUP($E14,PEN_STATS!$A$2:$V$10,7,FALSE))) | T14: =IF($M14="","",IF(VLOOKUP($E14,PEN_STATS!$A$2:$V$10,10,FALSE)=0,0,-($M14-VLOOKUP($E14,PEN_STATS!$A$2:$V$10,9,FALSE))/VLOOKUP($E14,PEN_STATS!$A$2:$V$10,10,FALSE))) | U14: =IF($N14="","",IF(VLOOKUP($E14,PEN_STATS!$A$2:$V$10,13,FALSE)=0,0,($N14-VLOOKUP($E14,PEN_STATS!$A$2:$V$10,12,FALSE))/VLOOKUP($E14,PEN_STATS!$A$2:$V$10,13,FALSE))) | V14: =IF($O14="","",IF(VLOOKUP($E14,PEN_STATS!$A$2:$V$10,16,FALSE)=0,0,($O14-VLOOKUP($E14,PEN_STATS!$A$2:$V$10,15,FALSE))/VLOOKUP($E14,PEN_STATS!$A$2:$V$10,16,FALSE))) | W14: =IF($P14="","",IF(VLOOKUP($E14,PEN_STATS!$A$2:$V$10,19,FALSE)=0,0,($P14-VLOOKUP($E14,PEN_STATS!$A$2:$V$10,18,FALSE))/VLOOKUP($E14,PEN_STATS!$A$2:$V$10,19,FALSE))) | X14: =IF($Q14="","",IF(VLOOKUP($E14,PEN_STATS!$A$2:$V$10,22,FALSE)=0,0,($Q14-VLOOKUP($E14,PEN_STATS!$A$2:$V$10,21,FALSE))/VLOOKUP($E14,PEN_STATS!$A$2:$V$10,22,FALSE))) | Y14: =IF($A14="","",'WEIGHTS_&_RULES'!$B$12*$R14+'WEIGHTS_&_RULES'!$B$13*$S14+'WEIGHTS_&_RULES'!$B$14*$T14+'WEIGHTS_&_RULES'!$B$15*$U14) | Z14: =IF($A14="","",'WEIGHTS_&_RULES'!$B$19*$V14+'WEIGHTS_&_RULES'!$B$20*$W14) | AA14: =IF($A14="","",'WEIGHTS_&_RULES'!$B$24*$X14) | AB14: =IF($A14="","",'WEIGHTS_&_RULES'!$B$7*$Y14+'WEIGHTS_&_RULES'!$B$8*$Z14+'WEIGHTS_&_RULES'!$B$9*$AA14)
A15: =ANIMALS!A11 | B15: =ANIMALS!B11 | C15: =ANIMALS!D11 | D15: =ANIMALS!G11 | E15: =ANIMALS!H11 | F15: =ANIMALS!I11 | G15: =ANIMALS!O11 | H15: =ANIMALS!P11 | I15: =ANIMALS!Q11 | J15: =ANIMALS!R11 | K15: =IF($A15="","",AVERAGEIFS(PERFORMANCE!$F$2:$F$1000,PERFORMANCE!$C$2:$C$1000,$A15,PERFORMANCE!$E$2:$E$1000,"FAMACHA",PERFORMANCE!$B$2:$B$1000,$B$3)) | L15: =IF($A15="","",AVERAGEIFS(PERFORMANCE!$F$2:$F$1000,PERFORMANCE!$C$2:$C$1000,$A15,PERFORMANCE!$E$2:$E$1000,"FEC",PERFORMANCE!$B$2:$B$1000,$B$3)) | M15: =IF($A15="","",COUNTIFS(PERFORMANCE!$C$2:$C$1000,$A15,PERFORMANCE!$E$2:$E$1000,"DEWORM",PERFORMANCE!$B$2:$B$1000,$B$3)) | N15: =IF($A15="","",AVERAGEIFS(REPRODUCTION!$E$2:$E$1000,REPRODUCTION!$B$2:$B$1000,$A15,REPRODUCTION!$A$2:$A$1000,$B$3)) | O15: =IF($A15="","",AVERAGEIFS(PERFORMANCE!$F$2:$F$1000,PERFORMANCE!$C$2:$C$1000,$A15,PERFORMANCE!$E$2:$E$1000,"WEAN_WT",PERFORMANCE!$B$2:$B$1000,$B$3)) | P15: =IF($A15="","",AVERAGEIFS(PERFORMANCE!$F$2:$F$1000,PERFORMANCE!$C$2:$C$1000,$A15,PERFORMANCE!$E$2:$E$1000,"ADG",PERFORMANCE!$B$2:$B$1000,$B$3)) | Q15: =IF($A15="","",AVERAGEIFS(PERFORMANCE!$F$2:$F$1000,PERFORMANCE!$C$2:$C$1000,$A15,PERFORMANCE!$E$2:$E$1000,"SHEDDING",PERFORMANCE!$B$2:$B$1000,$B$3)) | R15: =IF($K15="","",IF(VLOOKUP($E15,PEN_STATS!$A$2:$V$10,4,FALSE)=0,0,-($K15-VLOOKUP($E15,PEN_STATS!$A$2:$V$10,3,FALSE))/VLOOKUP($E15,PEN_STATS!$A$2:$V$10,4,FALSE))) | S15: =IF($L15="","",IF(VLOOKUP($E15,PEN_STATS!$A$2:$V$10,7,FALSE)=0,0,-($L15-VLOOKUP($E15,PEN_STATS!$A$2:$V$10,6,FALSE))/VLOOKUP($E15,PEN_STATS!$A$2:$V$10,7,FALSE))) | T15: =IF($M15="","",IF(VLOOKUP($E15,PEN_STATS!$A$2:$V$10,10,FALSE)=0,0,-($M15-VLOOKUP($E15,PEN_STATS!$A$2:$V$10,9,FALSE))/VLOOKUP($E15,PEN_STATS!$A$2:$V$10,10,FALSE))) | U15: =IF($N15="","",IF(VLOOKUP($E15,PEN_STATS!$A$2:$V$10,13,FALSE)=0,0,($N15-VLOOKUP($E15,PEN_STATS!$A$2:$V$10,12,FALSE))/VLOOKUP($E15,PEN_STATS!$A$2:$V$10,13,FALSE))) | V15: =IF($O15="","",IF(VLOOKUP($E15,PEN_STATS!$A$2:$V$10,16,FALSE)=0,0,($O15-VLOOKUP($E15,PEN_STATS!$A$2:$V$10,15,FALSE))/VLOOKUP($E15,PEN_STATS!$A$2:$V$10,16,FALSE))) | W15: =IF($P15="","",IF(VLOOKUP($E15,PEN_STATS!$A$2:$V$10,19,FALSE)=0,0,($P15-VLOOKUP($E15,PEN_STATS!$A$2:$V$10,18,FALSE))/VLOOKUP($E15,PEN_STATS!$A$2:$V$10,19,FALSE))) | X15: =IF($Q15="","",IF(VLOOKUP($E15,PEN_STATS!$A$2:$V$10,22,FALSE)=0,0,($Q15-VLOOKUP($E15,PEN_STATS!$A$2:$V$10,21,FALSE))/VLOOKUP($E15,PEN_STATS!$A$2:$V$10,22,FALSE))) | Y15: =IF($A15="","",'WEIGHTS_&_RULES'!$B$12*$R15+'WEIGHTS_&_RULES'!$B$13*$S15+'WEIGHTS_&_RULES'!$B$14*$T15+'WEIGHTS_&_RULES'!$B$15*$U15) | Z15: =IF($A15="","",'WEIGHTS_&_RULES'!$B$19*$V15+'WEIGHTS_&_RULES'!$B$20*$W15) | AA15: =IF($A15="","",'WEIGHTS_&_RULES'!$B$24*$X15) | AB15: =IF($A15="","",'WEIGHTS_&_RULES'!$B$7*$Y15+'WEIGHTS_&_RULES'!$B$8*$Z15+'WEIGHTS_&_RULES'!$B$9*$AA15)
A16: =ANIMALS!A12 | B16: =ANIMALS!B12 | C16: =ANIMALS!D12 | D16: =ANIMALS!G12 | E16: =ANIMALS!H12 | F16: =ANIMALS!I12 | G16: =ANIMALS!O12 | H16: =ANIMALS!P12 | I16: =ANIMALS!Q12 | J16: =ANIMALS!R12 | K16: =IF($A16="","",AVERAGEIFS(PERFORMANCE!$F$2:$F$1000,PERFORMANCE!$C$2:$C$1000,$A16,PERFORMANCE!$E$2:$E$1000,"FAMACHA",PERFORMANCE!$B$2:$B$1000,$B$3)) | L16: =IF($A16="","",AVERAGEIFS(PERFORMANCE!$F$2:$F$1000,PERFORMANCE!$C$2:$C$1000,$A16,PERFORMANCE!$E$2:$E$1000,"FEC",PERFORMANCE!$B$2:$B$1000,$B$3)) | M16: =IF($A16="","",COUNTIFS(PERFORMANCE!$C$2:$C$1000,$A16,PERFORMANCE!$E$2:$E$1000,"DEWORM",PERFORMANCE!$B$2:$B$1000,$B$3)) | N16: =IF($A16="","",AVERAGEIFS(REPRODUCTION!$E$2:$E$1000,REPRODUCTION!$B$2:$B$1000,$A16,REPRODUCTION!$A$2:$A$1000,$B$3)) | O16: =IF($A16="","",AVERAGEIFS(PERFORMANCE!$F$2:$F$1000,PERFORMANCE!$C$2:$C$1000,$A16,PERFORMANCE!$E$2:$E$1000,"WEAN_WT",PERFORMANCE!$B$2:$B$1000,$B$3)) | P16: =IF($A16="","",AVERAGEIFS(PERFORMANCE!$F$2:$F$1000,PERFORMANCE!$C$2:$C$1000,$A16,PERFORMANCE!$E$2:$E$1000,"ADG",PERFORMANCE!$B$2:$B$1000,$B$3)) | Q16: =IF($A16="","",AVERAGEIFS(PERFORMANCE!$F$2:$F$1000,PERFORMANCE!$C$2:$C$1000,$A16,PERFORMANCE!$E$2:$E$1000,"SHEDDING",PERFORMANCE!$B$2:$B$1000,$B$3)) | R16: =IF($K16="","",IF(VLOOKUP($E16,PEN_STATS!$A$2:$V$10,4,FALSE)=0,0,-($K16-VLOOKUP($E16,PEN_STATS!$A$2:$V$10,3,FALSE))/VLOOKUP($E16,PEN_STATS!$A$2:$V$10,4,FALSE))) | S16: =IF($L16="","",IF(VLOOKUP($E16,PEN_STATS!$A$2:$V$10,7,FALSE)=0,0,-($L16-VLOOKUP($E16,PEN_STATS!$A$2:$V$10,6,FALSE))/VLOOKUP($E16,PEN_STATS!$A$2:$V$10,7,FALSE))) | T16: =IF($M16="","",IF(VLOOKUP($E16,PEN_STATS!$A$2:$V$10,10,FALSE)=0,0,-($M16-VLOOKUP($E16,PEN_STATS!$A$2:$V$10,9,FALSE))/VLOOKUP($E16,PEN_STATS!$A$2:$V$10,10,FALSE))) | U16: =IF($N16="","",IF(VLOOKUP($E16,PEN_STATS!$A$2:$V$10,13,FALSE)=0,0,($N16-VLOOKUP($E16,PEN_STATS!$A$2:$V$10,12,FALSE))/VLOOKUP($E16,PEN_STATS!$A$2:$V$10,13,FALSE))) | V16: =IF($O16="","",IF(VLOOKUP($E16,PEN_STATS!$A$2:$V$10,16,FALSE)=0,0,($O16-VLOOKUP($E16,PEN_STATS!$A$2:$V$10,15,FALSE))/VLOOKUP($E16,PEN_STATS!$A$2:$V$10,16,FALSE))) | W16: =IF($P16="","",IF(VLOOKUP($E16,PEN_STATS!$A$2:$V$10,19,FALSE)=0,0,($P16-VLOOKUP($E16,PEN_STATS!$A$2:$V$10,18,FALSE))/VLOOKUP($E16,PEN_STATS!$A$2:$V$10,19,FALSE))) | X16: =IF($Q16="","",IF(VLOOKUP($E16,PEN_STATS!$A$2:$V$10,22,FALSE)=0,0,($Q16-VLOOKUP($E16,PEN_STATS!$A$2:$V$10,21,FALSE))/VLOOKUP($E16,PEN_STATS!$A$2:$V$10,22,FALSE))) | Y16: =IF($A16="","",'WEIGHTS_&_RULES'!$B$12*$R16+'WEIGHTS_&_RULES'!$B$13*$S16+'WEIGHTS_&_RULES'!$B$14*$T16+'WEIGHTS_&_RULES'!$B$15*$U16) | Z16: =IF($A16="","",'WEIGHTS_&_RULES'!$B$19*$V16+'WEIGHTS_&_RULES'!$B$20*$W16) | AA16: =IF($A16="","",'WEIGHTS_&_RULES'!$B$24*$X16) | AB16: =IF($A16="","",'WEIGHTS_&_RULES'!$B$7*$Y16+'WEIGHTS_&_RULES'!$B$8*$Z16+'WEIGHTS_&_RULES'!$B$9*$AA16)
A17: =ANIMALS!A13 | B17: =ANIMALS!B13 | C17: =ANIMALS!D13 | D17: =ANIMALS!G13 | E17: =ANIMALS!H13 | F17: =ANIMALS!I13 | G17: =ANIMALS!O13 | H17: =ANIMALS!P13 | I17: =ANIMALS!Q13 | J17: =ANIMALS!R13 | K17: =IF($A17="","",AVERAGEIFS(PERFORMANCE!$F$2:$F$1000,PERFORMANCE!$C$2:$C$1000,$A17,PERFORMANCE!$E$2:$E$1000,"FAMACHA",PERFORMANCE!$B$2:$B$1000,$B$3)) | L17: =IF($A17="","",AVERAGEIFS(PERFORMANCE!$F$2:$F$1000,PERFORMANCE!$C$2:$C$1000,$A17,PERFORMANCE!$E$2:$E$1000,"FEC",PERFORMANCE!$B$2:$B$1000,$B$3)) | M17: =IF($A17="","",COUNTIFS(PERFORMANCE!$C$2:$C$1000,$A17,PERFORMANCE!$E$2:$E$1000,"DEWORM",PERFORMANCE!$B$2:$B$1000,$B$3)) | N17: =IF($A17="","",AVERAGEIFS(REPRODUCTION!$E$2:$E$1000,REPRODUCTION!$B$2:$B$1000,$A17,REPRODUCTION!$A$2:$A$1000,$B$3)) | O17: =IF($A17="","",AVERAGEIFS(PERFORMANCE!$F$2:$F$1000,PERFORMANCE!$C$2:$C$1000,$A17,PERFORMANCE!$E$2:$E$1000,"WEAN_WT",PERFORMANCE!$B$2:$B$1000,$B$3)) | P17: =IF($A17="","",AVERAGEIFS(PERFORMANCE!$F$2:$F$1000,PERFORMANCE!$C$2:$C$1000,$A17,PERFORMANCE!$E$2:$E$1000,"ADG",PERFORMANCE!$B$2:$B$1000,$B$3)) | Q17: =IF($A17="","",AVERAGEIFS(PERFORMANCE!$F$2:$F$1000,PERFORMANCE!$C$2:$C$1000,$A17,PERFORMANCE!$E$2:$E$1000,"SHEDDING",PERFORMANCE!$B$2:$B$1000,$B$3)) | R17: =IF($K17="","",IF(VLOOKUP($E17,PEN_STATS!$A$2:$V$10,4,FALSE)=0,0,-($K17-VLOOKUP($E17,PEN_STATS!$A$2:$V$10,3,FALSE))/VLOOKUP($E17,PEN_STATS!$A$2:$V$10,4,FALSE))) | S17: =IF($L17="","",IF(VLOOKUP($E17,PEN_STATS!$A$2:$V$10,7,FALSE)=0,0,-($L17-VLOOKUP($E17,PEN_STATS!$A$2:$V$10,6,FALSE))/VLOOKUP($E17,PEN_STATS!$A$2:$V$10,7,FALSE))) | T17: =IF($M17="","",IF(VLOOKUP($E17,PEN_STATS!$A$2:$V$10,10,FALSE)=0,0,-($M17-VLOOKUP($E17,PEN_STATS!$A$2:$V$10,9,FALSE))/VLOOKUP($E17,PEN_STATS!$A$2:$V$10,10,FALSE))) | U17: =IF($N17="","",IF(VLOOKUP($E17,PEN_STATS!$A$2:$V$10,13,FALSE)=0,0,($N17-VLOOKUP($E17,PEN_STATS!$A$2:$V$10,12,FALSE))/VLOOKUP($E17,PEN_STATS!$A$2:$V$10,13,FALSE))) | V17: =IF($O17="","",IF(VLOOKUP($E17,PEN_STATS!$A$2:$V$10,16,FALSE)=0,0,($O17-VLOOKUP($E17,PEN_STATS!$A$2:$V$10,15,FALSE))/VLOOKUP($E17,PEN_STATS!$A$2:$V$10,16,FALSE))) | W17: =IF($P17="","",IF(VLOOKUP($E17,PEN_STATS!$A$2:$V$10,19,FALSE)=0,0,($P17-VLOOKUP($E17,PEN_STATS!$A$2:$V$10,18,FALSE))/VLOOKUP($E17,PEN_STATS!$A$2:$V$10,19,FALSE))) | X17: =IF($Q17="","",IF(VLOOKUP($E17,PEN_STATS!$A$2:$V$10,22,FALSE)=0,0,($Q17-VLOOKUP($E17,PEN_STATS!$A$2:$V$10,21,FALSE))/VLOOKUP($E17,PEN_STATS!$A$2:$V$10,22,FALSE))) | Y17: =IF($A17="","",'WEIGHTS_&_RULES'!$B$12*$R17+'WEIGHTS_&_RULES'!$B$13*$S17+'WEIGHTS_&_RULES'!$B$14*$T17+'WEIGHTS_&_RULES'!$B$15*$U17) | Z17: =IF($A17="","",'WEIGHTS_&_RULES'!$B$19*$V17+'WEIGHTS_&_RULES'!$B$20*$W17) | AA17: =IF($A17="","",'WEIGHTS_&_RULES'!$B$24*$X17) | AB17: =IF($A17="","",'WEIGHTS_&_RULES'!$B$7*$Y17+'WEIGHTS_&_RULES'!$B$8*$Z17+'WEIGHTS_&_RULES'!$B$9*$AA17)
... A65: =ANIMALS!A61 | B65: =ANIMALS!B61 | C65: =ANIMALS!D61 | D65: =ANIMALS!G61 | E65: =ANIMALS!H61 | F65: =ANIMALS!I61 | G65: =ANIMALS!O61 | H65: =ANIMALS!P61 | I65: =ANIMALS!Q61 | J65: =ANIMALS!R61 | K65: =IF($A65="","",AVERAGEIFS(PERFORMANCE!$F$2:$F$1000,PERFORMANCE!$C$2:$C$1000,$A65,PERFORMANCE!$E$2:$E$1000,"FAMACHA",PERFORMANCE!$B$2:$B$1000,$B$3)) | L65: =IF($A65="","",AVERAGEIFS(PERFORMANCE!$F$2:$F$1000,PERFORMANCE!$C$2:$C$1000,$A65,PERFORMANCE!$E$2:$E$1000,"FEC",PERFORMANCE!$B$2:$B$1000,$B$3)) | M65: =IF($A65="","",COUNTIFS(PERFORMANCE!$C$2:$C$1000,$A65,PERFORMANCE!$E$2:$E$1000,"DEWORM",PERFORMANCE!$B$2:$B$1000,$B$3)) | N65: =IF($A65="","",AVERAGEIFS(REPRODUCTION!$E$2:$E$1000,REPRODUCTION!$B$2:$B$1000,$A65,REPRODUCTION!$A$2:$A$1000,$B$3)) | O65: =IF($A65="","",AVERAGEIFS(PERFORMANCE!$F$2:$F$1000,PERFORMANCE!$C$2:$C$1000,$A65,PERFORMANCE!$E$2:$E$1000,"WEAN_WT",PERFORMANCE!$B$2:$B$1000,$B$3)) | P65: =IF($A65="","",AVERAGEIFS(PERFORMANCE!$F$2:$F$1000,PERFORMANCE!$C$2:$C$1000,$A65,PERFORMANCE!$E$2:$E$1000,"ADG",PERFORMANCE!$B$2:$B$1000,$B$3)) | Q65: =IF($A65="","",AVERAGEIFS(PERFORMANCE!$F$2:$F$1000,PERFORMANCE!$C$2:$C$1000,$A65,PERFORMANCE!$E$2:$E$1000,"SHEDDING",PERFORMANCE!$B$2:$B$1000,$B$3)) | R65: =IF($K65="","",IF(VLOOKUP($E65,PEN_STATS!$A$2:$V$10,4,FALSE)=0,0,-($K65-VLOOKUP($E65,PEN_STATS!$A$2:$V$10,3,FALSE))/VLOOKUP($E65,PEN_STATS!$A$2:$V$10,4,FALSE))) | S65: =IF($L65="","",IF(VLOOKUP($E65,PEN_STATS!$A$2:$V$10,7,FALSE)=0,0,-($L65-VLOOKUP($E65,PEN_STATS!$A$2:$V$10,6,FALSE))/VLOOKUP($E65,PEN_STATS!$A$2:$V$10,7,FALSE))) | T65: =IF($M65="","",IF(VLOOKUP($E65,PEN_STATS!$A$2:$V$10,10,FALSE)=0,0,-($M65-VLOOKUP($E65,PEN_STATS!$A$2:$V$10,9,FALSE))/VLOOKUP($E65,PEN_STATS!$A$2:$V$10,10,FALSE))) | U65: =IF($N65="","",IF(VLOOKUP($E65,PEN_STATS!$A$2:$V$10,13,FALSE)=0,0,($N65-VLOOKUP($E65,PEN_STATS!$A$2:$V$10,12,FALSE))/VLOOKUP($E65,PEN_STATS!$A$2:$V$10,13,FALSE))) | V65: =IF($O65="","",IF(VLOOKUP($E65,PEN_STATS!$A$2:$V$10,16,FALSE)=0,0,($O65-VLOOKUP($E65,PEN_STATS!$A$2:$V$10,15,FALSE))/VLOOKUP($E65,PEN_STATS!$A$2:$V$10,16,FALSE))) | W65: =IF($P65="","",IF(VLOOKUP($E65,PEN_STATS!$A$2:$V$10,19,FALSE)=0,0,($P65-VLOOKUP($E65,PEN_STATS!$A$2:$V$10,18,FALSE))/VLOOKUP($E65,PEN_STATS!$A$2:$V$10,19,FALSE))) | X65: =IF($Q65="","",IF(VLOOKUP($E65,PEN_STATS!$A$2:$V$10,22,FALSE)=0,0,($Q65-VLOOKUP($E65,PEN_STATS!$A$2:$V$10,21,FALSE))/VLOOKUP($E65,PEN_STATS!$A$2:$V$10,22,FALSE))) | Y65: =IF($A65="","",'WEIGHTS_&_RULES'!$B$12*$R65+'WEIGHTS_&_RULES'!$B$13*$S65+'WEIGHTS_&_RULES'!$B$14*$T65+'WEIGHTS_&_RULES'!$B$15*$U65) | Z65: =IF($A65="","",'WEIGHTS_&_RULES'!$B$19*$V65+'WEIGHTS_&_RULES'!$B$20*$W65) | AA65: =IF($A65="","",'WEIGHTS_&_RULES'!$B$24*$X65) | AB65: =IF($A65="","",'WEIGHTS_&_RULES'!$B$7*$Y65+'WEIGHTS_&_RULES'!$B$8*$Z65+'WEIGHTS_&_RULES'!$B$9*$AA65)
A66: =ANIMALS!A62 | B66: =ANIMALS!B62 | C66: =ANIMALS!D62 | D66: =ANIMALS!G62 | E66: =ANIMALS!H62 | F66: =ANIMALS!I62 | G66: =ANIMALS!O62 | H66: =ANIMALS!P62 | I66: =ANIMALS!Q62 | J66: =ANIMALS!R62 | K66: =IF($A65="","",AVERAGEIFS(PERFORMANCE!$F$2:$F$1000,PERFORMANCE!$C$2:$C$1000,$A65,PERFORMANCE!$E$2:$E$1000,"FAMACHA",PERFORMANCE!$B$2:$B$1000,$B$3)) | L66: =IF($A65="","",AVERAGEIFS(PERFORMANCE!$F$2:$F$1000,PERFORMANCE!$C$2:$C$1000,$A65,PERFORMANCE!$E$2:$E$1000,"FEC",PERFORMANCE!$B$2:$B$1000,$B$3)) | M66: =IF($A65="","",COUNTIFS(PERFORMANCE!$C$2:$C$1000,$A65,PERFORMANCE!$E$2:$E$1000,"DEWORM",PERFORMANCE!$B$2:$B$1000,$B$3)) | N66: =IF($A65="","",AVERAGEIFS(REPRODUCTION!$E$2:$E$1000,REPRODUCTION!$B$2:$B$1000,$A65,REPRODUCTION!$A$2:$A$1000,$B$3)) | O66: =IF($A65="","",AVERAGEIFS(PERFORMANCE!$F$2:$F$1000,PERFORMANCE!$C$2:$C$1000,$A65,PERFORMANCE!$E$2:$E$1000,"WEAN_WT",PERFORMANCE!$B$2:$B$1000,$B$3)) | P66: =IF($A65="","",AVERAGEIFS(PERFORMANCE!$F$2:$F$1000,PERFORMANCE!$C$2:$C$1000,$A65,PERFORMANCE!$E$2:$E$1000,"ADG",PERFORMANCE!$B$2:$B$1000,$B$3)) | Q66: =IF($A65="","",AVERAGEIFS(PERFORMANCE!$F$2:$F$1000,PERFORMANCE!$C$2:$C$1000,$A65,PERFORMANCE!$E$2:$E$1000,"SHEDDING",PERFORMANCE!$B$2:$B$1000,$B$3)) | R66: =IF($K65="","",IF(VLOOKUP($E65,PEN_STATS!$A$2:$V$10,4,FALSE)=0,0,-($K65-VLOOKUP($E65,PEN_STATS!$A$2:$V$10,3,FALSE))/VLOOKUP($E65,PEN_STATS!$A$2:$V$10,4,FALSE))) | S66: =IF($L65="","",IF(VLOOKUP($E65,PEN_STATS!$A$2:$V$10,7,FALSE)=0,0,-($L65-VLOOKUP($E65,PEN_STATS!$A$2:$V$10,6,FALSE))/VLOOKUP($E65,PEN_STATS!$A$2:$V$10,7,FALSE))) | T66: =IF($M65="","",IF(VLOOKUP($E65,PEN_STATS!$A$2:$V$10,10,FALSE)=0,0,-($M65-VLOOKUP($E65,PEN_STATS!$A$2:$V$10,9,FALSE))/VLOOKUP($E65,PEN_STATS!$A$2:$V$10,10,FALSE))) | U66: =IF($N65="","",IF(VLOOKUP($E65,PEN_STATS!$A$2:$V$10,13,FALSE)=0,0,($N65-VLOOKUP($E65,PEN_STATS!$A$2:$V$10,12,FALSE))/VLOOKUP($E65,PEN_STATS!$A$2:$V$10,13,FALSE))) | V66: =IF($O65="","",IF(VLOOKUP($E65,PEN_STATS!$A$2:$V$10,16,FALSE)=0,0,($O65-VLOOKUP($E65,PEN_STATS!$A$2:$V$10,15,FALSE))/VLOOKUP($E65,PEN_STATS!$A$2:$V$10,16,FALSE))) | W66: =IF($P65="","",IF(VLOOKUP($E65,PEN_STATS!$A$2:$V$10,19,FALSE)=0,0,($P65-VLOOKUP($E65,PEN_STATS!$A$2:$V$10,18,FALSE))/VLOOKUP($E65,PEN_STATS!$A$2:$V$10,19,FALSE))) | X66: =IF($Q65="","",IF(VLOOKUP($E65,PEN_STATS!$A$2:$V$10,22,FALSE)=0,0,($Q65-VLOOKUP($E65,PEN_STATS!$A$2:$V$10,21,FALSE))/VLOOKUP($E65,PEN_STATS!$A$2:$V$10,22,FALSE))) | Y66: =IF($A65="","",'WEIGHTS_&_RULES'!$B$12*$R65+'WEIGHTS_&_RULES'!$B$13*$S65+'WEIGHTS_&_RULES'!$B$14*$T65+'WEIGHTS_&_RULES'!$B$15*$U65) | Z66: =IF($A65="","",'WEIGHTS_&_RULES'!$B$19*$V65+'WEIGHTS_&_RULES'!$B$20*$W65) | AA66: =IF($A65="","",'WEIGHTS_&_RULES'!$B$24*$X65) | AB66: =IF($A65="","",'WEIGHTS_&_RULES'!$B$7*$Y65+'WEIGHTS_&_RULES'!$B$8*$Z65+'WEIGHTS_&_RULES'!$B$9*$AA65)
A67: =ANIMALS!A63 | B67: =ANIMALS!B63 | C67: =ANIMALS!D63 | D67: =ANIMALS!G63 | E67: =ANIMALS!H63 | F67: =ANIMALS!I63 | G67: =ANIMALS!O63 | H67: =ANIMALS!P63 | I67: =ANIMALS!Q63 | J67: =ANIMALS!R63 | K67: =IF($A65="","",AVERAGEIFS(PERFORMANCE!$F$2:$F$1000,PERFORMANCE!$C$2:$C$1000,$A65,PERFORMANCE!$E$2:$E$1000,"FAMACHA",PERFORMANCE!$B$2:$B$1000,$B$3)) | L67: =IF($A65="","",AVERAGEIFS(PERFORMANCE!$F$2:$F$1000,PERFORMANCE!$C$2:$C$1000,$A65,PERFORMANCE!$E$2:$E$1000,"FEC",PERFORMANCE!$B$2:$B$1000,$B$3)) | M67: =IF($A65="","",COUNTIFS(PERFORMANCE!$C$2:$C$1000,$A65,PERFORMANCE!$E$2:$E$1000,"DEWORM",PERFORMANCE!$B$2:$B$1000,$B$3)) | N67: =IF($A65="","",AVERAGEIFS(REPRODUCTION!$E$2:$E$1000,REPRODUCTION!$B$2:$B$1000,$A65,REPRODUCTION!$A$2:$A$1000,$B$3)) | O67: =IF($A65="","",AVERAGEIFS(PERFORMANCE!$F$2:$F$1000,PERFORMANCE!$C$2:$C$1000,$A65,PERFORMANCE!$E$2:$E$1000,"WEAN_WT",PERFORMANCE!$B$2:$B$1000,$B$3)) | P67: =IF($A65="","",AVERAGEIFS(PERFORMANCE!$F$2:$F$1000,PERFORMANCE!$C$2:$C$1000,$A65,PERFORMANCE!$E$2:$E$1000,"ADG",PERFORMANCE!$B$2:$B$1000,$B$3)) | Q67: =IF($A65="","",AVERAGEIFS(PERFORMANCE!$F$2:$F$1000,PERFORMANCE!$C$2:$C$1000,$A65,PERFORMANCE!$E$2:$E$1000,"SHEDDING",PERFORMANCE!$B$2:$B$1000,$B$3)) | R67: =IF($K65="","",IF(VLOOKUP($E65,PEN_STATS!$A$2:$V$10,4,FALSE)=0,0,-($K65-VLOOKUP($E65,PEN_STATS!$A$2:$V$10,3,FALSE))/VLOOKUP($E65,PEN_STATS!$A$2:$V$10,4,FALSE))) | S67: =IF($L65="","",IF(VLOOKUP($E65,PEN_STATS!$A$2:$V$10,7,FALSE)=0,0,-($L65-VLOOKUP($E65,PEN_STATS!$A$2:$V$10,6,FALSE))/VLOOKUP($E65,PEN_STATS!$A$2:$V$10,7,FALSE))) | T67: =IF($M65="","",IF(VLOOKUP($E65,PEN_STATS!$A$2:$V$10,10,FALSE)=0,0,-($M65-VLOOKUP($E65,PEN_STATS!$A$2:$V$10,9,FALSE))/VLOOKUP($E65,PEN_STATS!$A$2:$V$10,10,FALSE))) | U67: =IF($N65="","",IF(VLOOKUP($E65,PEN_STATS!$A$2:$V$10,13,FALSE)=0,0,($N65-VLOOKUP($E65,PEN_STATS!$A$2:$V$10,12,FALSE))/VLOOKUP($E65,PEN_STATS!$A$2:$V$10,13,FALSE))) | V67: =IF($O65="","",IF(VLOOKUP($E65,PEN_STATS!$A$2:$V$10,16,FALSE)=0,0,($O65-VLOOKUP($E65,PEN_STATS!$A$2:$V$10,15,FALSE))/VLOOKUP($E65,PEN_STATS!$A$2:$V$10,16,FALSE))) | W67: =IF($P65="","",IF(VLOOKUP($E65,PEN_STATS!$A$2:$V$10,19,FALSE)=0,0,($P65-VLOOKUP($E65,PEN_STATS!$A$2:$V$10,18,FALSE))/VLOOKUP($E65,PEN_STATS!$A$2:$V$10,19,FALSE))) | X67: =IF($Q65="","",IF(VLOOKUP($E65,PEN_STATS!$A$2:$V$10,22,FALSE)=0,0,($Q65-VLOOKUP($E65,PEN_STATS!$A$2:$V$10,21,FALSE))/VLOOKUP($E65,PEN_STATS!$A$2:$V$10,22,FALSE))) | Y67: =IF($A65="","",'WEIGHTS_&_RULES'!$B$12*$R65+'WEIGHTS_&_RULES'!$B$13*$S65+'WEIGHTS_&_RULES'!$B$14*$T65+'WEIGHTS_&_RULES'!$B$15*$U65) | Z67: =IF($A65="","",'WEIGHTS_&_RULES'!$B$19*$V65+'WEIGHTS_&_RULES'!$B$20*$W65) | AA67: =IF($A65="","",'WEIGHTS_&_RULES'!$B$24*$X65) | AB67: =IF($A65="","",'WEIGHTS_&_RULES'!$B$7*$Y65+'WEIGHTS_&_RULES'!$B$8*$Z65+'WEIGHTS_&_RULES'!$B$9*$AA65)
A68: =ANIMALS!A64 | B68: =ANIMALS!B64 | C68: =ANIMALS!D64 | D68: =ANIMALS!G64 | E68: =ANIMALS!H64 | F68: =ANIMALS!I64 | G68: =ANIMALS!O64 | H68: =ANIMALS!P64 | I68: =ANIMALS!Q64 | J68: =ANIMALS!R64 | K68: =IF($A65="","",AVERAGEIFS(PERFORMANCE!$F$2:$F$1000,PERFORMANCE!$C$2:$C$1000,$A65,PERFORMANCE!$E$2:$E$1000,"FAMACHA",PERFORMANCE!$B$2:$B$1000,$B$3)) | L68: =IF($A65="","",AVERAGEIFS(PERFORMANCE!$F$2:$F$1000,PERFORMANCE!$C$2:$C$1000,$A65,PERFORMANCE!$E$2:$E$1000,"FEC",PERFORMANCE!$B$2:$B$1000,$B$3)) | M68: =IF($A65="","",COUNTIFS(PERFORMANCE!$C$2:$C$1000,$A65,PERFORMANCE!$E$2:$E$1000,"DEWORM",PERFORMANCE!$B$2:$B$1000,$B$3)) | N68: =IF($A65="","",AVERAGEIFS(REPRODUCTION!$E$2:$E$1000,REPRODUCTION!$B$2:$B$1000,$A65,REPRODUCTION!$A$2:$A$1000,$B$3)) | O68: =IF($A65="","",AVERAGEIFS(PERFORMANCE!$F$2:$F$1000,PERFORMANCE!$C$2:$C$1000,$A65,PERFORMANCE!$E$2:$E$1000,"WEAN_WT",PERFORMANCE!$B$2:$B$1000,$B$3)) | P68: =IF($A65="","",AVERAGEIFS(PERFORMANCE!$F$2:$F$1000,PERFORMANCE!$C$2:$C$1000,$A65,PERFORMANCE!$E$2:$E$1000,"ADG",PERFORMANCE!$B$2:$B$1000,$B$3)) | Q68: =IF($A65="","",AVERAGEIFS(PERFORMANCE!$F$2:$F$1000,PERFORMANCE!$C$2:$C$1000,$A65,PERFORMANCE!$E$2:$E$1000,"SHEDDING",PERFORMANCE!$B$2:$B$1000,$B$3)) | R68: =IF($K65="","",IF(VLOOKUP($E65,PEN_STATS!$A$2:$V$10,4,FALSE)=0,0,-($K65-VLOOKUP($E65,PEN_STATS!$A$2:$V$10,3,FALSE))/VLOOKUP($E65,PEN_STATS!$A$2:$V$10,4,FALSE))) | S68: =IF($L65="","",IF(VLOOKUP($E65,PEN_STATS!$A$2:$V$10,7,FALSE)=0,0,-($L65-VLOOKUP($E65,PEN_STATS!$A$2:$V$10,6,FALSE))/VLOOKUP($E65,PEN_STATS!$A$2:$V$10,7,FALSE))) | T68: =IF($M65="","",IF(VLOOKUP($E65,PEN_STATS!$A$2:$V$10,10,FALSE)=0,0,-($M65-VLOOKUP($E65,PEN_STATS!$A$2:$V$10,9,FALSE))/VLOOKUP($E65,PEN_STATS!$A$2:$V$10,10,FALSE))) | U68: =IF($N65="","",IF(VLOOKUP($E65,PEN_STATS!$A$2:$V$10,13,FALSE)=0,0,($N65-VLOOKUP($E65,PEN_STATS!$A$2:$V$10,12,FALSE))/VLOOKUP($E65,PEN_STATS!$A$2:$V$10,13,FALSE))) | V68: =IF($O65="","",IF(VLOOKUP($E65,PEN_STATS!$A$2:$V$10,16,FALSE)=0,0,($O65-VLOOKUP($E65,PEN_STATS!$A$2:$V$10,15,FALSE))/VLOOKUP($E65,PEN_STATS!$A$2:$V$10,16,FALSE))) | W68: =IF($P65="","",IF(VLOOKUP($E65,PEN_STATS!$A$2:$V$10,19,FALSE)=0,0,($P65-VLOOKUP($E65,PEN_STATS!$A$2:$V$10,18,FALSE))/VLOOKUP($E65,PEN_STATS!$A$2:$V$10,19,FALSE))) | X68: =IF($Q65="","",IF(VLOOKUP($E65,PEN_STATS!$A$2:$V$10,22,FALSE)=0,0,($Q65-VLOOKUP($E65,PEN_STATS!$A$2:$V$10,21,FALSE))/VLOOKUP($E65,PEN_STATS!$A$2:$V$10,22,FALSE))) | Y68: =IF($A65="","",'WEIGHTS_&_RULES'!$B$12*$R65+'WEIGHTS_&_RULES'!$B$13*$S65+'WEIGHTS_&_RULES'!$B$14*$T65+'WEIGHTS_&_RULES'!$B$15*$U65) | Z68: =IF($A65="","",'WEIGHTS_&_RULES'!$B$19*$V65+'WEIGHTS_&_RULES'!$B$20*$W65) | AA68: =IF($A65="","",'WEIGHTS_&_RULES'!$B$24*$X65) | AB68: =IF($A65="","",'WEIGHTS_&_RULES'!$B$7*$Y65+'WEIGHTS_&_RULES'!$B$8*$Z65+'WEIGHTS_&_RULES'!$B$9*$AA65)
A69: =ANIMALS!A65 | B69: =ANIMALS!B65 | C69: =ANIMALS!D65 | D69: =ANIMALS!G65 | E69: =ANIMALS!H65 | F69: =ANIMALS!I65 | G69: =ANIMALS!O65 | H69: =ANIMALS!P65 | I69: =ANIMALS!Q65 | J69: =ANIMALS!R65 | K69: =IF($A65="","",AVERAGEIFS(PERFORMANCE!$F$2:$F$1000,PERFORMANCE!$C$2:$C$1000,$A65,PERFORMANCE!$E$2:$E$1000,"FAMACHA",PERFORMANCE!$B$2:$B$1000,$B$3)) | L69: =IF($A65="","",AVERAGEIFS(PERFORMANCE!$F$2:$F$1000,PERFORMANCE!$C$2:$C$1000,$A65,PERFORMANCE!$E$2:$E$1000,"FEC",PERFORMANCE!$B$2:$B$1000,$B$3)) | M69: =IF($A65="","",COUNTIFS(PERFORMANCE!$C$2:$C$1000,$A65,PERFORMANCE!$E$2:$E$1000,"DEWORM",PERFORMANCE!$B$2:$B$1000,$B$3)) | N69: =IF($A65="","",AVERAGEIFS(REPRODUCTION!$E$2:$E$1000,REPRODUCTION!$B$2:$B$1000,$A65,REPRODUCTION!$A$2:$A$1000,$B$3)) | O69: =IF($A65="","",AVERAGEIFS(PERFORMANCE!$F$2:$F$1000,PERFORMANCE!$C$2:$C$1000,$A65,PERFORMANCE!$E$2:$E$1000,"WEAN_WT",PERFORMANCE!$B$2:$B$1000,$B$3)) | P69: =IF($A65="","",AVERAGEIFS(PERFORMANCE!$F$2:$F$1000,PERFORMANCE!$C$2:$C$1000,$A65,PERFORMANCE!$E$2:$E$1000,"ADG",PERFORMANCE!$B$2:$B$1000,$B$3)) | Q69: =IF($A65="","",AVERAGEIFS(PERFORMANCE!$F$2:$F$1000,PERFORMANCE!$C$2:$C$1000,$A65,PERFORMANCE!$E$2:$E$1000,"SHEDDING",PERFORMANCE!$B$2:$B$1000,$B$3)) | R69: =IF($K65="","",IF(VLOOKUP($E65,PEN_STATS!$A$2:$V$10,4,FALSE)=0,0,-($K65-VLOOKUP($E65,PEN_STATS!$A$2:$V$10,3,FALSE))/VLOOKUP($E65,PEN_STATS!$A$2:$V$10,4,FALSE))) | S69: =IF($L65="","",IF(VLOOKUP($E65,PEN_STATS!$A$2:$V$10,7,FALSE)=0,0,-($L65-VLOOKUP($E65,PEN_STATS!$A$2:$V$10,6,FALSE))/VLOOKUP($E65,PEN_STATS!$A$2:$V$10,7,FALSE))) | T69: =IF($M65="","",IF(VLOOKUP($E65,PEN_STATS!$A$2:$V$10,10,FALSE)=0,0,-($M65-VLOOKUP($E65,PEN_STATS!$A$2:$V$10,9,FALSE))/VLOOKUP($E65,PEN_STATS!$A$2:$V$10,10,FALSE))) | U69: =IF($N65="","",IF(VLOOKUP($E65,PEN_STATS!$A$2:$V$10,13,FALSE)=0,0,($N65-VLOOKUP($E65,PEN_STATS!$A$2:$V$10,12,FALSE))/VLOOKUP($E65,PEN_STATS!$A$2:$V$10,13,FALSE))) | V69: =IF($O65="","",IF(VLOOKUP($E65,PEN_STATS!$A$2:$V$10,16,FALSE)=0,0,($O65-VLOOKUP($E65,PEN_STATS!$A$2:$V$10,15,FALSE))/VLOOKUP($E65,PEN_STATS!$A$2:$V$10,16,FALSE))) | W69: =IF($P65="","",IF(VLOOKUP($E65,PEN_STATS!$A$2:$V$10,19,FALSE)=0,0,($P65-VLOOKUP($E65,PEN_STATS!$A$2:$V$10,18,FALSE))/VLOOKUP($E65,PEN_STATS!$A$2:$V$10,19,FALSE))) | X69: =IF($Q65="","",IF(VLOOKUP($E65,PEN_STATS!$A$2:$V$10,22,FALSE)=0,0,($Q65-VLOOKUP($E65,PEN_STATS!$A$2:$V$10,21,FALSE))/VLOOKUP($E65,PEN_STATS!$A$2:$V$10,22,FALSE))) | Y69: =IF($A65="","",'WEIGHTS_&_RULES'!$B$12*$R65+'WEIGHTS_&_RULES'!$B$13*$S65+'WEIGHTS_&_RULES'!$B$14*$T65+'WEIGHTS_&_RULES'!$B$15*$U65) | Z69: =IF($A65="","",'WEIGHTS_&_RULES'!$B$19*$V65+'WEIGHTS_&_RULES'!$B$20*$W65) | AA69: =IF($A65="","",'WEIGHTS_&_RULES'!$B$24*$X65) | AB69: =IF($A65="","",'WEIGHTS_&_RULES'!$B$7*$Y65+'WEIGHTS_&_RULES'!$B$8*$Z65+'WEIGHTS_&_RULES'!$B$9*$AA65)
A70: =ANIMALS!A66 | B70: =ANIMALS!B66 | C70: =ANIMALS!D66 | D70: =ANIMALS!G66 | E70: =ANIMALS!H66 | F70: =ANIMALS!I66 | G70: =ANIMALS!O66 | H70: =ANIMALS!P66 | I70: =ANIMALS!Q66 | J70: =ANIMALS!R66 | K70: =IF($A65="","",AVERAGEIFS(PERFORMANCE!$F$2:$F$1000,PERFORMANCE!$C$2:$C$1000,$A65,PERFORMANCE!$E$2:$E$1000,"FAMACHA",PERFORMANCE!$B$2:$B$1000,$B$3)) | L70: =IF($A65="","",AVERAGEIFS(PERFORMANCE!$F$2:$F$1000,PERFORMANCE!$C$2:$C$1000,$A65,PERFORMANCE!$E$2:$E$1000,"FEC",PERFORMANCE!$B$2:$B$1000,$B$3)) | M70: =IF($A65="","",COUNTIFS(PERFORMANCE!$C$2:$C$1000,$A65,PERFORMANCE!$E$2:$E$1000,"DEWORM",PERFORMANCE!$B$2:$B$1000,$B$3)) | N70: =IF($A65="","",AVERAGEIFS(REPRODUCTION!$E$2:$E$1000,REPRODUCTION!$B$2:$B$1000,$A65,REPRODUCTION!$A$2:$A$1000,$B$3)) | O70: =IF($A65="","",AVERAGEIFS(PERFORMANCE!$F$2:$F$1000,PERFORMANCE!$C$2:$C$1000,$A65,PERFORMANCE!$E$2:$E$1000,"WEAN_WT",PERFORMANCE!$B$2:$B$1000,$B$3)) | P70: =IF($A65="","",AVERAGEIFS(PERFORMANCE!$F$2:$F$1000,PERFORMANCE!$C$2:$C$1000,$A65,PERFORMANCE!$E$2:$E$1000,"ADG",PERFORMANCE!$B$2:$B$1000,$B$3)) | Q70: =IF($A65="","",AVERAGEIFS(PERFORMANCE!$F$2:$F$1000,PERFORMANCE!$C$2:$C$1000,$A65,PERFORMANCE!$E$2:$E$1000,"SHEDDING",PERFORMANCE!$B$2:$B$1000,$B$3)) | R70: =IF($K65="","",IF(VLOOKUP($E65,PEN_STATS!$A$2:$V$10,4,FALSE)=0,0,-($K65-VLOOKUP($E65,PEN_STATS!$A$2:$V$10,3,FALSE))/VLOOKUP($E65,PEN_STATS!$A$2:$V$10,4,FALSE))) | S70: =IF($L65="","",IF(VLOOKUP($E65,PEN_STATS!$A$2:$V$10,7,FALSE)=0,0,-($L65-VLOOKUP($E65,PEN_STATS!$A$2:$V$10,6,FALSE))/VLOOKUP($E65,PEN_STATS!$A$2:$V$10,7,FALSE))) | T70: =IF($M65="","",IF(VLOOKUP($E65,PEN_STATS!$A$2:$V$10,10,FALSE)=0,0,-($M65-VLOOKUP($E65,PEN_STATS!$A$2:$V$10,9,FALSE))/VLOOKUP($E65,PEN_STATS!$A$2:$V$10,10,FALSE))) | U70: =IF($N65="","",IF(VLOOKUP($E65,PEN_STATS!$A$2:$V$10,13,FALSE)=0,0,($N65-VLOOKUP($E65,PEN_STATS!$A$2:$V$10,12,FALSE))/VLOOKUP($E65,PEN_STATS!$A$2:$V$10,13,FALSE))) | V70: =IF($O65="","",IF(VLOOKUP($E65,PEN_STATS!$A$2:$V$10,16,FALSE)=0,0,($O65-VLOOKUP($E65,PEN_STATS!$A$2:$V$10,15,FALSE))/VLOOKUP($E65,PEN_STATS!$A$2:$V$10,16,FALSE))) | W70: =IF($P65="","",IF(VLOOKUP($E65,PEN_STATS!$A$2:$V$10,19,FALSE)=0,0,($P65-VLOOKUP($E65,PEN_STATS!$A$2:$V$10,18,FALSE))/VLOOKUP($E65,PEN_STATS!$A$2:$V$10,19,FALSE))) | X70: =IF($Q65="","",IF(VLOOKUP($E65,PEN_STATS!$A$2:$V$10,22,FALSE)=0,0,($Q65-VLOOKUP($E65,PEN_STATS!$A$2:$V$10,21,FALSE))/VLOOKUP($E65,PEN_STATS!$A$2:$V$10,22,FALSE))) | Y70: =IF($A65="","",'WEIGHTS_&_RULES'!$B$12*$R65+'WEIGHTS_&_RULES'!$B$13*$S65+'WEIGHTS_&_RULES'!$B$14*$T65+'WEIGHTS_&_RULES'!$B$15*$U65) | Z70: =IF($A65="","",'WEIGHTS_&_RULES'!$B$19*$V65+'WEIGHTS_&_RULES'!$B$20*$W65) | AA70: =IF($A65="","",'WEIGHTS_&_RULES'!$B$24*$X65) | AB70: =IF($A65="","",'WEIGHTS_&_RULES'!$B$7*$Y65+'WEIGHTS_&_RULES'!$B$8*$Z65+'WEIGHTS_&_RULES'!$B$9*$AA65)
A71: =ANIMALS!A67 | B71: =ANIMALS!B67 | C71: =ANIMALS!D67 | D71: =ANIMALS!G67 | E71: =ANIMALS!H67 | F71: =ANIMALS!I67 | G71: =ANIMALS!O67 | H71: =ANIMALS!P67 | I71: =ANIMALS!Q67 | J71: =ANIMALS!R67 | K71: =IF($A65="","",AVERAGEIFS(PERFORMANCE!$F$2:$F$1000,PERFORMANCE!$C$2:$C$1000,$A65,PERFORMANCE!$E$2:$E$1000,"FAMACHA",PERFORMANCE!$B$2:$B$1000,$B$3)) | L71: =IF($A65="","",AVERAGEIFS(PERFORMANCE!$F$2:$F$1000,PERFORMANCE!$C$2:$C$1000,$A65,PERFORMANCE!$E$2:$E$1000,"FEC",PERFORMANCE!$B$2:$B$1000,$B$3)) | M71: =IF($A65="","",COUNTIFS(PERFORMANCE!$C$2:$C$1000,$A65,PERFORMANCE!$E$2:$E$1000,"DEWORM",PERFORMANCE!$B$2:$B$1000,$B$3)) | N71: =IF($A65="","",AVERAGEIFS(REPRODUCTION!$E$2:$E$1000,REPRODUCTION!$B$2:$B$1000,$A65,REPRODUCTION!$A$2:$A$1000,$B$3)) | O71: =IF($A65="","",AVERAGEIFS(PERFORMANCE!$F$2:$F$1000,PERFORMANCE!$C$2:$C$1000,$A65,PERFORMANCE!$E$2:$E$1000,"WEAN_WT",PERFORMANCE!$B$2:$B$1000,$B$3)) | P71: =IF($A65="","",AVERAGEIFS(PERFORMANCE!$F$2:$F$1000,PERFORMANCE!$C$2:$C$1000,$A65,PERFORMANCE!$E$2:$E$1000,"ADG",PERFORMANCE!$B$2:$B$1000,$B$3)) | Q71: =IF($A65="","",AVERAGEIFS(PERFORMANCE!$F$2:$F$1000,PERFORMANCE!$C$2:$C$1000,$A65,PERFORMANCE!$E$2:$E$1000,"SHEDDING",PERFORMANCE!$B$2:$B$1000,$B$3)) | R71: =IF($K65="","",IF(VLOOKUP($E65,PEN_STATS!$A$2:$V$10,4,FALSE)=0,0,-($K65-VLOOKUP($E65,PEN_STATS!$A$2:$V$10,3,FALSE))/VLOOKUP($E65,PEN_STATS!$A$2:$V$10,4,FALSE))) | S71: =IF($L65="","",IF(VLOOKUP($E65,PEN_STATS!$A$2:$V$10,7,FALSE)=0,0,-($L65-VLOOKUP($E65,PEN_STATS!$A$2:$V$10,6,FALSE))/VLOOKUP($E65,PEN_STATS!$A$2:$V$10,7,FALSE))) | T71: =IF($M65="","",IF(VLOOKUP($E65,PEN_STATS!$A$2:$V$10,10,FALSE)=0,0,-($M65-VLOOKUP($E65,PEN_STATS!$A$2:$V$10,9,FALSE))/VLOOKUP($E65,PEN_STATS!$A$2:$V$10,10,FALSE))) | U71: =IF($N65="","",IF(VLOOKUP($E65,PEN_STATS!$A$2:$V$10,13,FALSE)=0,0,($N65-VLOOKUP($E65,PEN_STATS!$A$2:$V$10,12,FALSE))/VLOOKUP($E65,PEN_STATS!$A$2:$V$10,13,FALSE))) | V71: =IF($O65="","",IF(VLOOKUP($E65,PEN_STATS!$A$2:$V$10,16,FALSE)=0,0,($O65-VLOOKUP($E65,PEN_STATS!$A$2:$V$10,15,FALSE))/VLOOKUP($E65,PEN_STATS!$A$2:$V$10,16,FALSE))) | W71: =IF($P65="","",IF(VLOOKUP($E65,PEN_STATS!$A$2:$V$10,19,FALSE)=0,0,($P65-VLOOKUP($E65,PEN_STATS!$A$2:$V$10,18,FALSE))/VLOOKUP($E65,PEN_STATS!$A$2:$V$10,19,FALSE))) | X71: =IF($Q65="","",IF(VLOOKUP($E65,PEN_STATS!$A$2:$V$10,22,FALSE)=0,0,($Q65-VLOOKUP($E65,PEN_STATS!$A$2:$V$10,21,FALSE))/VLOOKUP($E65,PEN_STATS!$A$2:$V$10,22,FALSE))) | Y71: =IF($A65="","",'WEIGHTS_&_RULES'!$B$12*$R65+'WEIGHTS_&_RULES'!$B$13*$S65+'WEIGHTS_&_RULES'!$B$14*$T65+'WEIGHTS_&_RULES'!$B$15*$U65) | Z71: =IF($A65="","",'WEIGHTS_&_RULES'!$B$19*$V65+'WEIGHTS_&_RULES'!$B$20*$W65) | AA71: =IF($A65="","",'WEIGHTS_&_RULES'!$B$24*$X65) | AB71: =IF($A65="","",'WEIGHTS_&_RULES'!$B$7*$Y65+'WEIGHTS_&_RULES'!$B$8*$Z65+'WEIGHTS_&_RULES'!$B$9*$AA65)
A72: =ANIMALS!A68 | B72: =ANIMALS!B68 | C72: =ANIMALS!D68 | D72: =ANIMALS!G68 | E72: =ANIMALS!H68 | F72: =ANIMALS!I68 | G72: =ANIMALS!O68 | H72: =ANIMALS!P68 | I72: =ANIMALS!Q68 | J72: =ANIMALS!R68 | K72: =IF($A65="","",AVERAGEIFS(PERFORMANCE!$F$2:$F$1000,PERFORMANCE!$C$2:$C$1000,$A65,PERFORMANCE!$E$2:$E$1000,"FAMACHA",PERFORMANCE!$B$2:$B$1000,$B$3)) | L72: =IF($A65="","",AVERAGEIFS(PERFORMANCE!$F$2:$F$1000,PERFORMANCE!$C$2:$C$1000,$A65,PERFORMANCE!$E$2:$E$1000,"FEC",PERFORMANCE!$B$2:$B$1000,$B$3)) | M72: =IF($A65="","",COUNTIFS(PERFORMANCE!$C$2:$C$1000,$A65,PERFORMANCE!$E$2:$E$1000,"DEWORM",PERFORMANCE!$B$2:$B$1000,$B$3)) | N72: =IF($A65="","",AVERAGEIFS(REPRODUCTION!$E$2:$E$1000,REPRODUCTION!$B$2:$B$1000,$A65,REPRODUCTION!$A$2:$A$1000,$B$3)) | O72: =IF($A65="","",AVERAGEIFS(PERFORMANCE!$F$2:$F$1000,PERFORMANCE!$C$2:$C$1000,$A65,PERFORMANCE!$E$2:$E$1000,"WEAN_WT",PERFORMANCE!$B$2:$B$1000,$B$3)) | P72: =IF($A65="","",AVERAGEIFS(PERFORMANCE!$F$2:$F$1000,PERFORMANCE!$C$2:$C$1000,$A65,PERFORMANCE!$E$2:$E$1000,"ADG",PERFORMANCE!$B$2:$B$1000,$B$3)) | Q72: =IF($A65="","",AVERAGEIFS(PERFORMANCE!$F$2:$F$1000,PERFORMANCE!$C$2:$C$1000,$A65,PERFORMANCE!$E$2:$E$1000,"SHEDDING",PERFORMANCE!$B$2:$B$1000,$B$3)) | R72: =IF($K65="","",IF(VLOOKUP($E65,PEN_STATS!$A$2:$V$10,4,FALSE)=0,0,-($K65-VLOOKUP($E65,PEN_STATS!$A$2:$V$10,3,FALSE))/VLOOKUP($E65,PEN_STATS!$A$2:$V$10,4,FALSE))) | S72: =IF($L65="","",IF(VLOOKUP($E65,PEN_STATS!$A$2:$V$10,7,FALSE)=0,0,-($L65-VLOOKUP($E65,PEN_STATS!$A$2:$V$10,6,FALSE))/VLOOKUP($E65,PEN_STATS!$A$2:$V$10,7,FALSE))) | T72: =IF($M65="","",IF(VLOOKUP($E65,PEN_STATS!$A$2:$V$10,10,FALSE)=0,0,-($M65-VLOOKUP($E65,PEN_STATS!$A$2:$V$10,9,FALSE))/VLOOKUP($E65,PEN_STATS!$A$2:$V$10,10,FALSE))) | U72: =IF($N65="","",IF(VLOOKUP($E65,PEN_STATS!$A$2:$V$10,13,FALSE)=0,0,($N65-VLOOKUP($E65,PEN_STATS!$A$2:$V$10,12,FALSE))/VLOOKUP($E65,PEN_STATS!$A$2:$V$10,13,FALSE))) | V72: =IF($O65="","",IF(VLOOKUP($E65,PEN_STATS!$A$2:$V$10,16,FALSE)=0,0,($O65-VLOOKUP($E65,PEN_STATS!$A$2:$V$10,15,FALSE))/VLOOKUP($E65,PEN_STATS!$A$2:$V$10,16,FALSE))) | W72: =IF($P65="","",IF(VLOOKUP($E65,PEN_STATS!$A$2:$V$10,19,FALSE)=0,0,($P65-VLOOKUP($E65,PEN_STATS!$A$2:$V$10,18,FALSE))/VLOOKUP($E65,PEN_STATS!$A$2:$V$10,19,FALSE))) | X72: =IF($Q65="","",IF(VLOOKUP($E65,PEN_STATS!$A$2:$V$10,22,FALSE)=0,0,($Q65-VLOOKUP($E65,PEN_STATS!$A$2:$V$10,21,FALSE))/VLOOKUP($E65,PEN_STATS!$A$2:$V$10,22,FALSE))) | Y72: =IF($A65="","",'WEIGHTS_&_RULES'!$B$12*$R65+'WEIGHTS_&_RULES'!$B$13*$S65+'WEIGHTS_&_RULES'!$B$14*$T65+'WEIGHTS_&_RULES'!$B$15*$U65) | Z72: =IF($A65="","",'WEIGHTS_&_RULES'!$B$19*$V65+'WEIGHTS_&_RULES'!$B$20*$W65) | AA72: =IF($A65="","",'WEIGHTS_&_RULES'!$B$24*$X65) | AB72: =IF($A65="","",'WEIGHTS_&_RULES'!$B$7*$Y65+'WEIGHTS_&_RULES'!$B$8*$Z65+'WEIGHTS_&_RULES'!$B$9*$AA65)
A73: =ANIMALS!A69 | B73: =ANIMALS!B69 | C73: =ANIMALS!D69 | D73: =ANIMALS!G69 | E73: =ANIMALS!H69 | F73: =ANIMALS!I69 | G73: =ANIMALS!O69 | H73: =ANIMALS!P69 | I73: =ANIMALS!Q69 | J73: =ANIMALS!R69 | K73: =IF($A65="","",AVERAGEIFS(PERFORMANCE!$F$2:$F$1000,PERFORMANCE!$C$2:$C$1000,$A65,PERFORMANCE!$E$2:$E$1000,"FAMACHA",PERFORMANCE!$B$2:$B$1000,$B$3)) | L73: =IF($A65="","",AVERAGEIFS(PERFORMANCE!$F$2:$F$1000,PERFORMANCE!$C$2:$C$1000,$A65,PERFORMANCE!$E$2:$E$1000,"FEC",PERFORMANCE!$B$2:$B$1000,$B$3)) | M73: =IF($A65="","",COUNTIFS(PERFORMANCE!$C$2:$C$1000,$A65,PERFORMANCE!$E$2:$E$1000,"DEWORM",PERFORMANCE!$B$2:$B$1000,$B$3)) | N73: =IF($A65="","",AVERAGEIFS(REPRODUCTION!$E$2:$E$1000,REPRODUCTION!$B$2:$B$1000,$A65,REPRODUCTION!$A$2:$A$1000,$B$3)) | O73: =IF($A65="","",AVERAGEIFS(PERFORMANCE!$F$2:$F$1000,PERFORMANCE!$C$2:$C$1000,$A65,PERFORMANCE!$E$2:$E$1000,"WEAN_WT",PERFORMANCE!$B$2:$B$1000,$B$3)) | P73: =IF($A65="","",AVERAGEIFS(PERFORMANCE!$F$2:$F$1000,PERFORMANCE!$C$2:$C$1000,$A65,PERFORMANCE!$E$2:$E$1000,"ADG",PERFORMANCE!$B$2:$B$1000,$B$3)) | Q73: =IF($A65="","",AVERAGEIFS(PERFORMANCE!$F$2:$F$1000,PERFORMANCE!$C$2:$C$1000,$A65,PERFORMANCE!$E$2:$E$1000,"SHEDDING",PERFORMANCE!$B$2:$B$1000,$B$3)) | R73: =IF($K65="","",IF(VLOOKUP($E65,PEN_STATS!$A$2:$V$10,4,FALSE)=0,0,-($K65-VLOOKUP($E65,PEN_STATS!$A$2:$V$10,3,FALSE))/VLOOKUP($E65,PEN_STATS!$A$2:$V$10,4,FALSE))) | S73: =IF($L65="","",IF(VLOOKUP($E65,PEN_STATS!$A$2:$V$10,7,FALSE)=0,0,-($L65-VLOOKUP($E65,PEN_STATS!$A$2:$V$10,6,FALSE))/VLOOKUP($E65,PEN_STATS!$A$2:$V$10,7,FALSE))) | T73: =IF($M65="","",IF(VLOOKUP($E65,PEN_STATS!$A$2:$V$10,10,FALSE)=0,0,-($M65-VLOOKUP($E65,PEN_STATS!$A$2:$V$10,9,FALSE))/VLOOKUP($E65,PEN_STATS!$A$2:$V$10,10,FALSE))) | U73: =IF($N65="","",IF(VLOOKUP($E65,PEN_STATS!$A$2:$V$10,13,FALSE)=0,0,($N65-VLOOKUP($E65,PEN_STATS!$A$2:$V$10,12,FALSE))/VLOOKUP($E65,PEN_STATS!$A$2:$V$10,13,FALSE))) | V73: =IF($O65="","",IF(VLOOKUP($E65,PEN_STATS!$A$2:$V$10,16,FALSE)=0,0,($O65-VLOOKUP($E65,PEN_STATS!$A$2:$V$10,15,FALSE))/VLOOKUP($E65,PEN_STATS!$A$2:$V$10,16,FALSE))) | W73: =IF($P65="","",IF(VLOOKUP($E65,PEN_STATS!$A$2:$V$10,19,FALSE)=0,0,($P65-VLOOKUP($E65,PEN_STATS!$A$2:$V$10,18,FALSE))/VLOOKUP($E65,PEN_STATS!$A$2:$V$10,19,FALSE))) | X73: =IF($Q65="","",IF(VLOOKUP($E65,PEN_STATS!$A$2:$V$10,22,FALSE)=0,0,($Q65-VLOOKUP($E65,PEN_STATS!$A$2:$V$10,21,FALSE))/VLOOKUP($E65,PEN_STATS!$A$2:$V$10,22,FALSE))) | Y73: =IF($A65="","",'WEIGHTS_&_RULES'!$B$12*$R65+'WEIGHTS_&_RULES'!$B$13*$S65+'WEIGHTS_&_RULES'!$B$14*$T65+'WEIGHTS_&_RULES'!$B$15*$U65) | Z73: =IF($A65="","",'WEIGHTS_&_RULES'!$B$19*$V65+'WEIGHTS_&_RULES'!$B$20*$W65) | AA73: =IF($A65="","",'WEIGHTS_&_RULES'!$B$24*$X65) | AB73: =IF($A65="","",'WEIGHTS_&_RULES'!$B$7*$Y65+'WEIGHTS_&_RULES'!$B$8*$Z65+'WEIGHTS_&_RULES'!$B$9*$AA65)
A74: =ANIMALS!A70 | B74: =ANIMALS!B70 | C74: =ANIMALS!D70 | D74: =ANIMALS!G70 | E74: =ANIMALS!H70 | F74: =ANIMALS!I70 | G74: =ANIMALS!O70 | H74: =ANIMALS!P70 | I74: =ANIMALS!Q70 | J74: =ANIMALS!R70 | K74: =IF($A65="","",AVERAGEIFS(PERFORMANCE!$F$2:$F$1000,PERFORMANCE!$C$2:$C$1000,$A65,PERFORMANCE!$E$2:$E$1000,"FAMACHA",PERFORMANCE!$B$2:$B$1000,$B$3)) | L74: =IF($A65="","",AVERAGEIFS(PERFORMANCE!$F$2:$F$1000,PERFORMANCE!$C$2:$C$1000,$A65,PERFORMANCE!$E$2:$E$1000,"FEC",PERFORMANCE!$B$2:$B$1000,$B$3)) | M74: =IF($A65="","",COUNTIFS(PERFORMANCE!$C$2:$C$1000,$A65,PERFORMANCE!$E$2:$E$1000,"DEWORM",PERFORMANCE!$B$2:$B$1000,$B$3)) | N74: =IF($A65="","",AVERAGEIFS(REPRODUCTION!$E$2:$E$1000,REPRODUCTION!$B$2:$B$1000,$A65,REPRODUCTION!$A$2:$A$1000,$B$3)) | O74: =IF($A65="","",AVERAGEIFS(PERFORMANCE!$F$2:$F$1000,PERFORMANCE!$C$2:$C$1000,$A65,PERFORMANCE!$E$2:$E$1000,"WEAN_WT",PERFORMANCE!$B$2:$B$1000,$B$3)) | P74: =IF($A65="","",AVERAGEIFS(PERFORMANCE!$F$2:$F$1000,PERFORMANCE!$C$2:$C$1000,$A65,PERFORMANCE!$E$2:$E$1000,"ADG",PERFORMANCE!$B$2:$B$1000,$B$3)) | Q74: =IF($A65="","",AVERAGEIFS(PERFORMANCE!$F$2:$F$1000,PERFORMANCE!$C$2:$C$1000,$A65,PERFORMANCE!$E$2:$E$1000,"SHEDDING",PERFORMANCE!$B$2:$B$1000,$B$3)) | R74: =IF($K65="","",IF(VLOOKUP($E65,PEN_STATS!$A$2:$V$10,4,FALSE)=0,0,-($K65-VLOOKUP($E65,PEN_STATS!$A$2:$V$10,3,FALSE))/VLOOKUP($E65,PEN_STATS!$A$2:$V$10,4,FALSE))) | S74: =IF($L65="","",IF(VLOOKUP($E65,PEN_STATS!$A$2:$V$10,7,FALSE)=0,0,-($L65-VLOOKUP($E65,PEN_STATS!$A$2:$V$10,6,FALSE))/VLOOKUP($E65,PEN_STATS!$A$2:$V$10,7,FALSE))) | T74: =IF($M65="","",IF(VLOOKUP($E65,PEN_STATS!$A$2:$V$10,10,FALSE)=0,0,-($M65-VLOOKUP($E65,PEN_STATS!$A$2:$V$10,9,FALSE))/VLOOKUP($E65,PEN_STATS!$A$2:$V$10,10,FALSE))) | U74: =IF($N65="","",IF(VLOOKUP($E65,PEN_STATS!$A$2:$V$10,13,FALSE)=0,0,($N65-VLOOKUP($E65,PEN_STATS!$A$2:$V$10,12,FALSE))/VLOOKUP($E65,PEN_STATS!$A$2:$V$10,13,FALSE))) | V74: =IF($O65="","",IF(VLOOKUP($E65,PEN_STATS!$A$2:$V$10,16,FALSE)=0,0,($O65-VLOOKUP($E65,PEN_STATS!$A$2:$V$10,15,FALSE))/VLOOKUP($E65,PEN_STATS!$A$2:$V$10,16,FALSE))) | W74: =IF($P65="","",IF(VLOOKUP($E65,PEN_STATS!$A$2:$V$10,19,FALSE)=0,0,($P65-VLOOKUP($E65,PEN_STATS!$A$2:$V$10,18,FALSE))/VLOOKUP($E65,PEN_STATS!$A$2:$V$10,19,FALSE))) | X74: =IF($Q65="","",IF(VLOOKUP($E65,PEN_STATS!$A$2:$V$10,22,FALSE)=0,0,($Q65-VLOOKUP($E65,PEN_STATS!$A$2:$V$10,21,FALSE))/VLOOKUP($E65,PEN_STATS!$A$2:$V$10,22,FALSE))) | Y74: =IF($A65="","",'WEIGHTS_&_RULES'!$B$12*$R65+'WEIGHTS_&_RULES'!$B$13*$S65+'WEIGHTS_&_RULES'!$B$14*$T65+'WEIGHTS_&_RULES'!$B$15*$U65) | Z74: =IF($A65="","",'WEIGHTS_&_RULES'!$B$19*$V65+'WEIGHTS_&_RULES'!$B$20*$W65) | AA74: =IF($A65="","",'WEIGHTS_&_RULES'!$B$24*$X65) | AB74: =IF($A65="","",'WEIGHTS_&_RULES'!$B$7*$Y65+'WEIGHTS_&_RULES'!$B$8*$Z65+'WEIGHTS_&_RULES'!$B$9*$AA65)

Sheet CONFLICTS
A1: Name | B1: Ear Tag | C1: Gender | D1: DOB | E1: Sire | F1: Dam | G1: Breed | H1: Status | I1: Conflict Note
A2: Sir Loin | B2: 0 | C2: R | D2: 1/1/2012 | E2: Chip | F2: Shirley | G2: St Augustine | H2: Alive | I2: CSV roster marked Alive, but not in 2026-01-06 living list (user-supersedes). Verify.
A3: S'More | B3: 1 | C3: R | D3: 1/14/2021 | E3: Gigantus | F3: Minnie | G3: Cracker | H3: Alive | I3: CSV roster marked Alive, but not in 2026-01-06 living list (user-supersedes). Verify.
A4: Well Done | B4: 2 | C4: R | D4: 2/14/2021 | E4: Big Daddy | F4: Golf | G4: Katahdin | H4: Alive | I4: CSV roster marked Alive, but not in 2026-01-06 living list (user-supersedes). Verify.
A5: Anna | B5: 3 | C5: E | D5: 1/1/2010 | E5: Show King | F5: Queen | G5: Katahdin | H5: Alive | I5: CSV roster marked Alive, but not in 2026-01-06 living list (user-supersedes). Verify.
A6: Banana | B6: 4 | C6: E | D6: 12/1/2014 | E6: Sir Loin | F6: Anna | G6: 62.5% Katahdin, 37.5% St Augustine | H6: Alive | I6: CSV roster marked Alive, but not in 2026-01-06 living list (user-supersedes). Verify.
A7: Brown Knee | B7: 5 | C7: E | D7: 12/1/2014 | E7: Sir Loin | F7: Banana | G7: 56% Katahdin 44% St Augustine | H7: Alive | I7: CSV roster marked Alive, but not in 2026-01-06 living list (user-supersedes). Verify.
A8: Black Spot on Ear | B8: 6 | C8: E | D8: 11/25/2015 | E8: Sir Loin | F8: Brown Knee | G8: 65.5% St Augustine 34.5% Katahdin | H8: Alive | I8: CSV roster marked Alive, but not in 2026-01-06 living list (user-supersedes). Verify.
A9: Banana Split | B9: 7 | C9: E | D9: 11/14/2015 | E9: Sir Loin | F9: Black Spot on Ear | G9: 70.25 St Augustine 29.75 Katahdin | H9: Alive | I9: CSV roster marked Alive, but not in 2026-01-06 living list (user-supersedes). Verify.
A10: Banana Split Baby | B10: 8 | C10: R | D10: 2/23/2022 | E10: Sir Loin | F10: Banana Split | G10: 72.625 St Augustine 27.375 Katahdin | H10: Alive | I10: CSV roster marked Alive, but not in 2026-01-06 living list (user-supersedes). Verify.
A11: Anna's Big One | B11: 9 | C11: E | D11: 11/20/2021 | E11: Sir Loin | F11: Anna | G11: 62.5% Katahdin, 37.5% St Augustine | H11: Alive | I11: CSV roster marked Alive, but not in 2026-01-06 living list (user-supersedes). Verify.
A12: Boots | B12: 10 | C12: E | D12: 1/14/2021 | E12: Boots Dad | F12: Boots Mom | G12: 50% Katahdin 50% Dorper | H12: Alive | I12: CSV roster marked Alive, but not in 2026-01-06 living list (user-supersedes). Verify.
A13: Stew | B13: 11 | C13: R | D13: 2/8/2022 | E13: Fleecity | F13: Well Done | G13: 75% Katahdin 25% Dorper | H13: Alive | I13: CSV roster marked Alive, but not in 2026-01-06 living list (user-supersedes). Verify.
... A17: Half Tail | B17: 15 | C17: E | D17: 1-1-2016 | E17: Sir Loin | F17: Hersheys | G17: 44% Katahdin 56% St Augustine | H17: Alive | I17: CSV roster marked Alive, but not in 2026-01-06 living list (user-supersedes). Verify.

Sheet RELATIONSHIPS
A1: Key (Ram|Ewe) (calc) | B1: RamID* | C1: EweID* | D1: a_sd (relationship) | E1: F_offspring
A2: =IF(OR($B2="",$C2=""),"",$B2&"|"&$C2)
A3: =IF(OR($B3="",$C3=""),"",$B3&"|"&$C3)
A4: =IF(OR($B4="",$C4=""),"",$B4&"|"&$C4)
A5: =IF(OR($B5="",$C5=""),"",$B5&"|"&$C5)
A6: =IF(OR($B6="",$C6=""),"",$B6&"|"&$C6)
A7: =IF(OR($B7="",$C7=""),"",$B7&"|"&$C7)
A8: =IF(OR($B8="",$C8=""),"",$B8&"|"&$C8)
A9: =IF(OR($B9="",$C9=""),"",$B9&"|"&$C9)
A10: =IF(OR($B10="",$C10=""),"",$B10&"|"&$C10)
A11: =IF(OR($B11="",$C11=""),"",$B11&"|"&$C11)
A12: =IF(OR($B12="",$C12=""),"",$B12&"|"&$C12)
A13: =IF(OR($B13="",$C13=""),"",$B13&"|"&$C13)
... A201: =IF(OR($B201="",$C201=""),"",$B201&"|"&$C201)

Sheet WEIGHTS_&_RULES
A1: Controls & Rules (edit blue cells)
A3: Season start date (used for AgeClass if DOB is present) | B3: 46023
A4: Inbreeding cap (F_offspring max) | B4: 0.06
A6: Index weights (must sum to 1.00)
A7: Hardiness weight | B7: 0.5
A8: Meat/Growth weight | B8: 0.35
A9: Hair weight | B9: 0.15
A11: Hardiness sub-weights
A12: FAMACHA (lower better) | B12: 0.3
A13: FEC (lower better) | B13: 0.4
A14: Deworm count (lower better) | B14: 0.2
A15: Lamb survival % (higher better) | B15: 0.1
A18: Meat/Growth sub-weights
A19: Weaning weight / 60-90d (higher better) | B19: 0.7
A20: ADG (higher better) | B20: 0.3
A23: Hair sub-weights
A24: Shedding score (higher better) | B24: 1
A26: Ewe-lamb safety
A27: Max expected ram wt (lb) allowed on ewe lambs | B27: 230

Sheet PEN_STATS
A1: Pen/Group | B1: n(FAMACHA) | C1: mean(FAMACHA) | D1: sd(FAMACHA) | E1: n(FEC) | F1: mean(FEC) | G1: sd(FEC) | H1: n(Deworm) | I1: mean(Deworm) | J1: sd(Deworm) | K1: n(Survival) | L1: mean(Survival) | M1: sd(Survival) | N1: n(WeanWt) | O1: mean(WeanWt) | P1: sd(WeanWt) | Q1: n(ADG) | R1: mean(ADG) | S1: sd(ADG) | T1: n(Shedding) | U1: mean(Shedding) | V1: sd(Shedding)
A2: Pen 1 | B2: =SUMPRODUCT((INDEX!$E$6:$E$74=$A2)*(INDEX!$K$6:$K$74<>"")) | C2: =IF(B2=0,"",SUMPRODUCT((INDEX!$E$6:$E$74=$A2)*(INDEX!$K$6:$K$74))/B2) | D2: =IF(B2<=1,"",SQRT(IF(B2<=1,"",SUMPRODUCT((INDEX!$E$6:$E$74=$A2)*(INDEX!$K$6:$K$74-C2)^2)/(B2-1)))) | E2: =SUMPRODUCT((INDEX!$E$6:$E$74=$A2)*(INDEX!$L$6:$L$74<>"")) | F2: =IF(E2=0,"",SUMPRODUCT((INDEX!$E$6:$E$74=$A2)*(INDEX!$L$6:$L$74))/E2) | G2: =IF(E2<=1,"",SQRT(IF(E2<=1,"",SUMPRODUCT((INDEX!$E$6:$E$74=$A2)*(INDEX!$L$6:$L$74-F2)^2)/(E2-1)))) | H2: =SUMPRODUCT((INDEX!$E$6:$E$74=$A2)*(INDEX!$M$6:$M$74<>"")) | I2: =IF(H2=0,"",SUMPRODUCT((INDEX!$E$6:$E$74=$A2)*(INDEX!$M$6:$M$74))/H2) | J2: =IF(H2<=1,"",SQRT(IF(H2<=1,"",SUMPRODUCT((INDEX!$E$6:$E$74=$A2)*(INDEX!$M$6:$M$74-I2)^2)/(H2-1)))) | K2: =SUMPRODUCT((INDEX!$E$6:$E$74=$A2)*(INDEX!$N$6:$N$74<>"")) | L2: =IF(K2=0,"",SUMPRODUCT((INDEX!$E$6:$E$74=$A2)*(INDEX!$N$6:$N$74))/K2) | M2: =IF(K2<=1,"",SQRT(IF(K2<=1,"",SUMPRODUCT((INDEX!$E$6:$E$74=$A2)*(INDEX!$N$6:$N$74-L2)^2)/(K2-1)))) | N2: =SUMPRODUCT((INDEX!$E$6:$E$74=$A2)*(INDEX!$O$6:$O$74<>"")) | O2: =IF(N2=0,"",SUMPRODUCT((INDEX!$E$6:$E$74=$A2)*(INDEX!$O$6:$O$74))/N2) | P2: =IF(N2<=1,"",SQRT(IF(N2<=1,"",SUMPRODUCT((INDEX!$E$6:$E$74=$A2)*(INDEX!$O$6:$O$74-O2)^2)/(N2-1)))) | Q2: =SUMPRODUCT((INDEX!$E$6:$E$74=$A2)*(INDEX!$P$6:$P$74<>"")) | R2: =IF(Q2=0,"",SUMPRODUCT((INDEX!$E$6:$E$74=$A2)*(INDEX!$P$6:$P$74))/Q2) | S2: =IF(Q2<=1,"",SQRT(IF(Q2<=1,"",SUMPRODUCT((INDEX!$E$6:$E$74=$A2)*(INDEX!$P$6:$P$74-R2)^2)/(Q2-1)))) | T2: =SUMPRODUCT((INDEX!$E$6:$E$74=$A2)*(INDEX!$Q$6:$Q$74<>"")) | U2: =IF(T2=0,"",SUMPRODUCT((INDEX!$E$6:$E$74=$A2)*(INDEX!$Q$6:$Q$74))/T2) | V2: =IF(T2<=1,"",SQRT(IF(T2<=1,"",SUMPRODUCT((INDEX!$E$6:$E$74=$A2)*(INDEX!$Q$6:$Q$74-U2)^2)/(T2-1))))
A3: Pen 2 | B3: =SUMPRODUCT((INDEX!$E$6:$E$74=$A3)*(INDEX!$K$6:$K$74<>"")) | C3: =IF(B3=0,"",SUMPRODUCT((INDEX!$E$6:$E$74=$A3)*(INDEX!$K$6:$K$74))/B3) | D3: =IF(B3<=1,"",SQRT(IF(B3<=1,"",SUMPRODUCT((INDEX!$E$6:$E$74=$A3)*(INDEX!$K$6:$K$74-C3)^2)/(B3-1)))) | E3: =SUMPRODUCT((INDEX!$E$6:$E$74=$A3)*(INDEX!$L$6:$L$74<>"")) | F3: =IF(E3=0,"",SUMPRODUCT((INDEX!$E$6:$E$74=$A3)*(INDEX!$L$6:$L$74))/E3) | G3: =IF(E3<=1,"",SQRT(IF(E3<=1,"",SUMPRODUCT((INDEX!$E$6:$E$74=$A3)*(INDEX!$L$6:$L$74-F3)^2)/(E3-1)))) | H3: =SUMPRODUCT((INDEX!$E$6:$E$74=$A3)*(INDEX!$M$6:$M$74<>"")) | I3: =IF(H3=0,"",SUMPRODUCT((INDEX!$E$6:$E$74=$A3)*(INDEX!$M$6:$M$74))/H3) | J3: =IF(H3<=1,"",SQRT(IF(H3<=1,"",SUMPRODUCT((INDEX!$E$6:$E$74=$A3)*(INDEX!$M$6:$M$74-I3)^2)/(H3-1)))) | K3: =SUMPRODUCT((INDEX!$E$6:$E$74=$A3)*(INDEX!$N$6:$N$74<>"")) | L3: =IF(K3=0,"",SUMPRODUCT((INDEX!$E$6:$E$74=$A3)*(INDEX!$N$6:$N$74))/K3) | M3: =IF(K3<=1,"",SQRT(IF(K3<=1,"",SUMPRODUCT((INDEX!$E$6:$E$74=$A3)*(INDEX!$N$6:$N$74-L3)^2)/(K3-1)))) | N3: =SUMPRODUCT((INDEX!$E$6:$E$74=$A3)*(INDEX!$O$6:$O$74<>"")) | O3: =IF(N3=0,"",SUMPRODUCT((INDEX!$E$6:$E$74=$A3)*(INDEX!$O$6:$O$74))/N3) | P3: =IF(N3<=1,"",SQRT(IF(N3<=1,"",SUMPRODUCT((INDEX!$E$6:$E$74=$A3)*(INDEX!$O$6:$O$74-O3)^2)/(N3-1)))) | Q3: =SUMPRODUCT((INDEX!$E$6:$E$74=$A3)*(INDEX!$P$6:$P$74<>"")) | R3: =IF(Q3=0,"",SUMPRODUCT((INDEX!$E$6:$E$74=$A3)*(INDEX!$P$6:$P$74))/Q3) | S3: =IF(Q3<=1,"",SQRT(IF(Q3<=1,"",SUMPRODUCT((INDEX!$E$6:$E$74=$A3)*(INDEX!$P$6:$P$74-R3)^2)/(Q3-1)))) | T3: =SUMPRODUCT((INDEX!$E$6:$E$74=$A3)*(INDEX!$Q$6:$Q$74<>"")) | U3: =IF(T3=0,"",SUMPRODUCT((INDEX!$E$6:$E$74=$A3)*(INDEX!$Q$6:$Q$74))/T3) | V3: =IF(T3<=1,"",SQRT(IF(T3<=1,"",SUMPRODUCT((INDEX!$E$6:$E$74=$A3)*(INDEX!$Q$6:$Q$74-U3)^2)/(T3-1))))
A4: Pen 3 | B4: =SUMPRODUCT((INDEX!$E$6:$E$74=$A4)*(INDEX!$K$6:$K$74<>"")) | C4: =IF(B4=0,"",SUMPRODUCT((INDEX!$E$6:$E$74=$A4)*(INDEX!$K$6:$K$74))/B4) | D4: =IF(B4<=1,"",SQRT(IF(B4<=1,"",SUMPRODUCT((INDEX!$E$6:$E$74=$A4)*(INDEX!$K$6:$K$74-C4)^2)/(B4-1)))) | E4: =SUMPRODUCT((INDEX!$E$6:$E$74=$A4)*(INDEX!$L$6:$L$74<>"")) | F4: =IF(E4=0,"",SUMPRODUCT((INDEX!$E$6:$E$74=$A4)*(INDEX!$L$6:$L$74))/E4) | G4: =IF(E4<=1,"",SQRT(IF(E4<=1,"",SUMPRODUCT((INDEX!$E$6:$E$74=$A4)*(INDEX!$L$6:$L$74-F4)^2)/(E4-1)))) | H4: =SUMPRODUCT((INDEX!$E$6:$E$74=$A4)*(INDEX!$M$6:$M$74<>"")) | I4: =IF(H4=0,"",SUMPRODUCT((INDEX!$E$6:$E$74=$A4)*(INDEX!$M$6:$M$74))/H4) | J4: =IF(H4<=1,"",SQRT(IF(H4<=1,"",SUMPRODUCT((INDEX!$E$6:$E$74=$A4)*(INDEX!$M$6:$M$74-I4)^2)/(H4-1)))) | K4: =SUMPRODUCT((INDEX!$E$6:$E$74=$A4)*(INDEX!$N$6:$N$74<>"")) | L4: =IF(K4=0,"",SUMPRODUCT((INDEX!$E$6:$E$74=$A4)*(INDEX!$N$6:$N$74))/K4) | M4: =IF(K4<=1,"",SQRT(IF(K4<=1,"",SUMPRODUCT((INDEX!$E$6:$E$74=$A4)*(INDEX!$N$6:$N$74-L4)^2)/(K4-1)))) | N4: =SUMPRODUCT((INDEX!$E$6:$E$74=$A4)*(INDEX!$O$6:$O$74<>"")) | O4: =IF(N4=0,"",SUMPRODUCT((INDEX!$E$6:$E$74=$A4)*(INDEX!$O$6:$O$74))/N4) | P4: =IF(N4<=1,"",SQRT(IF(N4<=1,"",SUMPRODUCT((INDEX!$E$6:$E$74=$A4)*(INDEX!$O$6:$O$74-O4)^2)/(N4-1)))) | Q4: =SUMPRODUCT((INDEX!$E$6:$E$74=$A4)*(INDEX!$P$6:$P$74<>"")) | R4: =IF(Q4=0,"",SUMPRODUCT((INDEX!$E$6:$E$74=$A4)*(INDEX!$P$6:$P$74))/Q4) | S4: =IF(Q4<=1,"",SQRT(IF(Q4<=1,"",SUMPRODUCT((INDEX!$E$6:$E$74=$A4)*(INDEX!$P$6:$P$74-R4)^2)/(Q4-1)))) | T4: =SUMPRODUCT((INDEX!$E$6:$E$74=$A4)*(INDEX!$Q$6:$Q$74<>"")) | U4: =IF(T4=0,"",SUMPRODUCT((INDEX!$E$6:$E$74=$A4)*(INDEX!$Q$6:$Q$74))/T4) | V4: =IF(T4<=1,"",SQRT(IF(T4<=1,"",SUMPRODUCT((INDEX!$E$6:$E$74=$A4)*(INDEX!$Q$6:$Q$74-U4)^2)/(T4-1))))
A5: Pen 4 | B5: =SUMPRODUCT((INDEX!$E$6:$E$74=$A5)*(INDEX!$K$6:$K$74<>"")) | C5: =IF(B5=0,"",SUMPRODUCT((INDEX!$E$6:$E$74=$A5)*(INDEX!$K$6:$K$74))/B5) | D5: =IF(B5<=1,"",SQRT(IF(B5<=1,"",SUMPRODUCT((INDEX!$E$6:$E$74=$A5)*(INDEX!$K$6:$K$74-C5)^2)/(B5-1)))) | E5: =SUMPRODUCT((INDEX!$E$6:$E$74=$A5)*(INDEX!$L$6:$L$74<>"")) | F5: =IF(E5=0,"",SUMPRODUCT((INDEX!$E$6:$E$74=$A5)*(INDEX!$L$6:$L$74))/E5) | G5: =IF(E5<=1,"",SQRT(IF(E5<=1,"",SUMPRODUCT((INDEX!$E$6:$E$74=$A5)*(INDEX!$L$6:$L$74-F5)^2)/(E5-1)))) | H5: =SUMPRODUCT((INDEX!$E$6:$E$74=$A5)*(INDEX!$M$6:$M$74<>"")) | I5: =IF(H5=0,"",SUMPRODUCT((INDEX!$E$6:$E$74=$A5)*(INDEX!$M$6:$M$74))/H5) | J5: =IF(H5<=1,"",SQRT(IF(H5<=1,"",SUMPRODUCT((INDEX!$E$6:$E$74=$A5)*(INDEX!$M$6:$M$74-I5)^2)/(H5-1)))) | K5: =SUMPRODUCT((INDEX!$E$6:$E$74=$A5)*(INDEX!$N$6:$N$74<>"")) | L5: =IF(K5=0,"",SUMPRODUCT((INDEX!$E$6:$E$74=$A5)*(INDEX!$N$6:$N$74))/K5) | M5: =IF(K5<=1,"",SQRT(IF(K5<=1,"",SUMPRODUCT((INDEX!$E$6:$E$74=$A5)*(INDEX!$N$6:$N$74-L5)^2)/(K5-1)))) | N5: =SUMPRODUCT((INDEX!$E$6:$E$74=$A5)*(INDEX!$O$6:$O$74<>"")) | O5: =IF(N5=0,"",SUMPRODUCT((INDEX!$E$6:$E$74=$A5)*(INDEX!$O$6:$O$74))/N5) | P5: =IF(N5<=1,"",SQRT(IF(N5<=1,"",SUMPRODUCT((INDEX!$E$6:$E$74=$A5)*(INDEX!$O$6:$O$74-O5)^2)/(N5-1)))) | Q5: =SUMPRODUCT((INDEX!$E$6:$E$74=$A5)*(INDEX!$P$6:$P$74<>"")) | R5: =IF(Q5=0,"",SUMPRODUCT((INDEX!$E$6:$E$74=$A5)*(INDEX!$P$6:$P$74))/Q5) | S5: =IF(Q5<=1,"",SQRT(IF(Q5<=1,"",SUMPRODUCT((INDEX!$E$6:$E$74=$A5)*(INDEX!$P$6:$P$74-R5)^2)/(Q5-1)))) | T5: =SUMPRODUCT((INDEX!$E$6:$E$74=$A5)*(INDEX!$Q$6:$Q$74<>"")) | U5: =IF(T5=0,"",SUMPRODUCT((INDEX!$E$6:$E$74=$A5)*(INDEX!$Q$6:$Q$74))/T5) | V5: =IF(T5<=1,"",SQRT(IF(T5<=1,"",SUMPRODUCT((INDEX!$E$6:$E$74=$A5)*(INDEX!$Q$6:$Q$74-U5)^2)/(T5-1))))
A6: Pen 5 | B6: =SUMPRODUCT((INDEX!$E$6:$E$74=$A6)*(INDEX!$K$6:$K$74<>"")) | C6: =IF(B6=0,"",SUMPRODUCT((INDEX!$E$6:$E$74=$A6)*(INDEX!$K$6:$K$74))/B6) | D6: =IF(B6<=1,"",SQRT(IF(B6<=1,"",SUMPRODUCT((INDEX!$E$6:$E$74=$A6)*(INDEX!$K$6:$K$74-C6)^2)/(B6-1)))) | E6: =SUMPRODUCT((INDEX!$E$6:$E$74=$A6)*(INDEX!$L$6:$L$74<>"")) | F6: =IF(E6=0,"",SUMPRODUCT((INDEX!$E$6:$E$74=$A6)*(INDEX!$L$6:$L$74))/E6) | G6: =IF(E6<=1,"",SQRT(IF(E6<=1,"",SUMPRODUCT((INDEX!$E$6:$E$74=$A6)*(INDEX!$L$6:$L$74-F6)^2)/(E6-1)))) | H6: =SUMPRODUCT((INDEX!$E$6:$E$74=$A6)*(INDEX!$M$6:$M$74<>"")) | I6: =IF(H6=0,"",SUMPRODUCT((INDEX!$E$6:$E$74=$A6)*(INDEX!$M$6:$M$74))/H6) | J6: =IF(H6<=1,"",SQRT(IF(H6<=1,"",SUMPRODUCT((INDEX!$E$6:$E$74=$A6)*(INDEX!$M$6:$M$74-I6)^2)/(H6-1)))) | K6: =SUMPRODUCT((INDEX!$E$6:$E$74=$A6)*(INDEX!$N$6:$N$74<>"")) | L6: =IF(K6=0,"",SUMPRODUCT((INDEX!$E$6:$E$74=$A6)*(INDEX!$N$6:$N$74))/K6) | M6: =IF(K6<=1,"",SQRT(IF(K6<=1,"",SUMPRODUCT((INDEX!$E$6:$E$74=$A6)*(INDEX!$N$6:$N$74-L6)^2)/(K6-1)))) | N6: =SUMPRODUCT((INDEX!$E$6:$E$74=$A6)*(INDEX!$O$6:$O$74<>"")) | O6: =IF(N6=0,"",SUMPRODUCT((INDEX!$E$6:$E$74=$A6)*(INDEX!$O$6:$O$74))/N6) | P6: =IF(N6<=1,"",SQRT(IF(N6<=1,"",SUMPRODUCT((INDEX!$E$6:$E$74=$A6)*(INDEX!$O$6:$O$74-O6)^2)/(N6-1)))) | Q6: =SUMPRODUCT((INDEX!$E$6:$E$74=$A6)*(INDEX!$P$6:$P$74<>"")) | R6: =IF(Q6=0,"",SUMPRODUCT((INDEX!$E$6:$E$74=$A6)*(INDEX!$P$6:$P$74))/Q6) | S6: =IF(Q6<=1,"",SQRT(IF(Q6<=1,"",SUMPRODUCT((INDEX!$E$6:$E$74=$A6)*(INDEX!$P$6:$P$74-R6)^2)/(Q6-1)))) | T6: =SUMPRODUCT((INDEX!$E$6:$E$74=$A6)*(INDEX!$Q$6:$Q$74<>"")) | U6: =IF(T6=0,"",SUMPRODUCT((INDEX!$E$6:$E$74=$A6)*(INDEX!$Q$6:$Q$74))/T6) | V6: =IF(T6<=1,"",SQRT(IF(T6<=1,"",SUMPRODUCT((INDEX!$E$6:$E$74=$A6)*(INDEX!$Q$6:$Q$74-U6)^2)/(T6-1))))
A7: Pen 6 | B7: =SUMPRODUCT((INDEX!$E$6:$E$74=$A7)*(INDEX!$K$6:$K$74<>"")) | C7: =IF(B7=0,"",SUMPRODUCT((INDEX!$E$6:$E$74=$A7)*(INDEX!$K$6:$K$74))/B7) | D7: =IF(B7<=1,"",SQRT(IF(B7<=1,"",SUMPRODUCT((INDEX!$E$6:$E$74=$A7)*(INDEX!$K$6:$K$74-C7)^2)/(B7-1)))) | E7: =SUMPRODUCT((INDEX!$E$6:$E$74=$A7)*(INDEX!$L$6:$L$74<>"")) | F7: =IF(E7=0,"",SUMPRODUCT((INDEX!$E$6:$E$74=$A7)*(INDEX!$L$6:$L$74))/E7) | G7: =IF(E7<=1,"",SQRT(IF(E7<=1,"",SUMPRODUCT((INDEX!$E$6:$E$74=$A7)*(INDEX!$L$6:$L$74-F7)^2)/(E7-1)))) | H7: =SUMPRODUCT((INDEX!$E$6:$E$74=$A7)*(INDEX!$M$6:$M$74<>"")) | I7: =IF(H7=0,"",SUMPRODUCT((INDEX!$E$6:$E$74=$A7)*(INDEX!$M$6:$M$74))/H7) | J7: =IF(H7<=1,"",SQRT(IF(H7<=1,"",SUMPRODUCT((INDEX!$E$6:$E$74=$A7)*(INDEX!$M$6:$M$74-I7)^2)/(H7-1)))) | K7: =SUMPRODUCT((INDEX!$E$6:$E$74=$A7)*(INDEX!$N$6:$N$74<>"")) | L7: =IF(K7=0,"",SUMPRODUCT((INDEX!$E$6:$E$74=$A7)*(INDEX!$N$6:$N$74))/K7) | M7: =IF(K7<=1,"",SQRT(IF(K7<=1,"",SUMPRODUCT((INDEX!$E$6:$E$74=$A7)*(INDEX!$N$6:$N$74-L7)^2)/(K7-1)))) | N7: =SUMPRODUCT((INDEX!$E$6:$E$74=$A7)*(INDEX!$O$6:$O$74<>"")) | O7: =IF(N7=0,"",SUMPRODUCT((INDEX!$E$6:$E$74=$A7)*(INDEX!$O$6:$O$74))/N7) | P7: =IF(N7<=1,"",SQRT(IF(N7<=1,"",SUMPRODUCT((INDEX!$E$6:$E$74=$A7)*(INDEX!$O$6:$O$74-O7)^2)/(N7-1)))) | Q7: =SUMPRODUCT((INDEX!$E$6:$E$74=$A7)*(INDEX!$P$6:$P$74<>"")) | R7: =IF(Q7=0,"",SUMPRODUCT((INDEX!$E$6:$E$74=$A7)*(INDEX!$P$6:$P$74))/Q7) | S7: =IF(Q7<=1,"",SQRT(IF(Q7<=1,"",SUMPRODUCT((INDEX!$E$6:$E$74=$A7)*(INDEX!$P$6:$P$74-R7)^2)/(Q7-1)))) | T7: =SUMPRODUCT((INDEX!$E$6:$E$74=$A7)*(INDEX!$Q$6:$Q$74<>"")) | U7: =IF(T7=0,"",SUMPRODUCT((INDEX!$E$6:$E$74=$A7)*(INDEX!$Q$6:$Q$74))/T7) | V7: =IF(T7<=1,"",SQRT(IF(T7<=1,"",SUMPRODUCT((INDEX!$E$6:$E$74=$A7)*(INDEX!$Q$6:$Q$74-U7)^2)/(T7-1))))
A8: Tree Fort | B8: =SUMPRODUCT((INDEX!$E$6:$E$74=$A8)*(INDEX!$K$6:$K$74<>"")) | C8: =IF(B8=0,"",SUMPRODUCT((INDEX!$E$6:$E$74=$A8)*(INDEX!$K$6:$K$74))/B8) | D8: =IF(B8<=1,"",SQRT(IF(B8<=1,"",SUMPRODUCT((INDEX!$E$6:$E$74=$A8)*(INDEX!$K$6:$K$74-C8)^2)/(B8-1)))) | E8: =SUMPRODUCT((INDEX!$E$6:$E$74=$A8)*(INDEX!$L$6:$L$74<>"")) | F8: =IF(E8=0,"",SUMPRODUCT((INDEX!$E$6:$E$74=$A8)*(INDEX!$L$6:$L$74))/E8) | G8: =IF(E8<=1,"",SQRT(IF(E8<=1,"",SUMPRODUCT((INDEX!$E$6:$E$74=$A8)*(INDEX!$L$6:$L$74-F8)^2)/(E8-1)))) | H8: =SUMPRODUCT((INDEX!$E$6:$E$74=$A8)*(INDEX!$M$6:$M$74<>"")) | I8: =IF(H8=0,"",SUMPRODUCT((INDEX!$E$6:$E$74=$A8)*(INDEX!$M$6:$M$74))/H8) | J8: =IF(H8<=1,"",SQRT(IF(H8<=1,"",SUMPRODUCT((INDEX!$E$6:$E$74=$A8)*(INDEX!$M$6:$M$74-I8)^2)/(H8-1)))) | K8: =SUMPRODUCT((INDEX!$E$6:$E$74=$A8)*(INDEX!$N$6:$N$74<>"")) | L8: =IF(K8=0,"",SUMPRODUCT((INDEX!$E$6:$E$74=$A8)*(INDEX!$N$6:$N$74))/K8) | M8: =IF(K8<=1,"",SQRT(IF(K8<=1,"",SUMPRODUCT((INDEX!$E$6:$E$74=$A8)*(INDEX!$N$6:$N$74-L8)^2)/(K8-1)))) | N8: =SUMPRODUCT((INDEX!$E$6:$E$74=$A8)*(INDEX!$O$6:$O$74<>"")) | O8: =IF(N8=0,"",SUMPRODUCT((INDEX!$E$6:$E$74=$A8)*(INDEX!$O$6:$O$74))/N8) | P8: =IF(N8<=1,"",SQRT(IF(N8<=1,"",SUMPRODUCT((INDEX!$E$6:$E$74=$A8)*(INDEX!$O$6:$O$74-O8)^2)/(N8-1)))) | Q8: =SUMPRODUCT((INDEX!$E$6:$E$74=$A8)*(INDEX!$P$6:$P$74<>"")) | R8: =IF(Q8=0,"",SUMPRODUCT((INDEX!$E$6:$E$74=$A8)*(INDEX!$P$6:$P$74))/Q8) | S8: =IF(Q8<=1,"",SQRT(IF(Q8<=1,"",SUMPRODUCT((INDEX!$E$6:$E$74=$A8)*(INDEX!$P$6:$P$74-R8)^2)/(Q8-1)))) | T8: =SUMPRODUCT((INDEX!$E$6:$E$74=$A8)*(INDEX!$Q$6:$Q$74<>"")) | U8: =IF(T8=0,"",SUMPRODUCT((INDEX!$E$6:$E$74=$A8)*(INDEX!$Q$6:$Q$74))/T8) | V8: =IF(T8<=1,"",SQRT(IF(T8<=1,"",SUMPRODUCT((INDEX!$E$6:$E$74=$A8)*(INDEX!$Q$6:$Q$74-U8)^2)/(T8-1))))
A9: Goose Pen | B9: =SUMPRODUCT((INDEX!$E$6:$E$74=$A9)*(INDEX!$K$6:$K$74<>"")) | C9: =IF(B9=0,"",SUMPRODUCT((INDEX!$E$6:$E$74=$A9)*(INDEX!$K$6:$K$74))/B9) | D9: =IF(B9<=1,"",SQRT(IF(B9<=1,"",SUMPRODUCT((INDEX!$E$6:$E$74=$A9)*(INDEX!$K$6:$K$74-C9)^2)/(B9-1)))) | E9: =SUMPRODUCT((INDEX!$E$6:$E$74=$A9)*(INDEX!$L$6:$L$74<>"")) | F9: =IF(E9=0,"",SUMPRODUCT((INDEX!$E$6:$E$74=$A9)*(INDEX!$L$6:$L$74))/E9) | G9: =IF(E9<=1,"",SQRT(IF(E9<=1,"",SUMPRODUCT((INDEX!$E$6:$E$74=$A9)*(INDEX!$L$6:$L$74-F9)^2)/(E9-1)))) | H9: =SUMPRODUCT((INDEX!$E$6:$E$74=$A9)*(INDEX!$M$6:$M$74<>"")) | I9: =IF(H9=0,"",SUMPRODUCT((INDEX!$E$6:$E$74=$A9)*(INDEX!$M$6:$M$74))/H9) | J9: =IF(H9<=1,"",SQRT(IF(H9<=1,"",SUMPRODUCT((INDEX!$E$6:$E$74=$A9)*(INDEX!$M$6:$M$74-I9)^2)/(H9-1)))) | K9: =SUMPRODUCT((INDEX!$E$6:$E$74=$A9)*(INDEX!$N$6:$N$74<>"")) | L9: =IF(K9=0,"",SUMPRODUCT((INDEX!$E$6:$E$74=$A9)*(INDEX!$N$6:$N$74))/K9) | M9: =IF(K9<=1,"",SQRT(IF(K9<=1,"",SUMPRODUCT((INDEX!$E$6:$E$74=$A9)*(INDEX!$N$6:$N$74-L9)^2)/(K9-1)))) | N9: =SUMPRODUCT((INDEX!$E$6:$E$74=$A9)*(INDEX!$O$6:$O$74<>"")) | O9: =IF(N9=0,"",SUMPRODUCT((INDEX!$E$6:$E$74=$A9)*(INDEX!$O$6:$O$74))/N9) | P9: =IF(N9<=1,"",SQRT(IF(N9<=1,"",SUMPRODUCT((INDEX!$E$6:$E$74=$A9)*(INDEX!$O$6:$O$74-O9)^2)/(N9-1)))) | Q9: =SUMPRODUCT((INDEX!$E$6:$E$74=$A9)*(INDEX!$P$6:$P$74<>"")) | R9: =IF(Q9=0,"",SUMPRODUCT((INDEX!$E$6:$E$74=$A9)*(INDEX!$P$6:$P$74))/Q9) | S9: =IF(Q9<=1,"",SQRT(IF(Q9<=1,"",SUMPRODUCT((INDEX!$E$6:$E$74=$A9)*(INDEX!$P$6:$P$74-R9)^2)/(Q9-1)))) | T9: =SUMPRODUCT((INDEX!$E$6:$E$74=$A9)*(INDEX!$Q$6:$Q$74<>"")) | U9: =IF(T9=0,"",SUMPRODUCT((INDEX!$E$6:$E$74=$A9)*(INDEX!$Q$6:$Q$74))/T9) | V9: =IF(T9<=1,"",SQRT(IF(T9<=1,"",SUMPRODUCT((INDEX!$E$6:$E$74=$A9)*(INDEX!$Q$6:$Q$74-U9)^2)/(T9-1))))
A10: Other | B10: =SUMPRODUCT((INDEX!$E$6:$E$74=$A10)*(INDEX!$K$6:$K$74<>"")) | C10: =IF(B10=0,"",SUMPRODUCT((INDEX!$E$6:$E$74=$A10)*(INDEX!$K$6:$K$74))/B10) | D10: =IF(B10<=1,"",SQRT(IF(B10<=1,"",SUMPRODUCT((INDEX!$E$6:$E$74=$A10)*(INDEX!$K$6:$K$74-C10)^2)/(B10-1)))) | E10: =SUMPRODUCT((INDEX!$E$6:$E$74=$A10)*(INDEX!$L$6:$L$74<>"")) | F10: =IF(E10=0,"",SUMPRODUCT((INDEX!$E$6:$E$74=$A10)*(INDEX!$L$6:$L$74))/E10) | G10: =IF(E10<=1,"",SQRT(IF(E10<=1,"",SUMPRODUCT((INDEX!$E$6:$E$74=$A10)*(INDEX!$L$6:$L$74-F10)^2)/(E10-1)))) | H10: =SUMPRODUCT((INDEX!$E$6:$E$74=$A10)*(INDEX!$M$6:$M$74<>"")) | I10: =IF(H10=0,"",SUMPRODUCT((INDEX!$E$6:$E$74=$A10)*(INDEX!$M$6:$M$74))/H10) | J10: =IF(H10<=1,"",SQRT(IF(H10<=1,"",SUMPRODUCT((INDEX!$E$6:$E$74=$A10)*(INDEX!$M$6:$M$74-I10)^2)/(H10-1)))) | K10: =SUMPRODUCT((INDEX!$E$6:$E$74=$A10)*(INDEX!$N$6:$N$74<>"")) | L10: =IF(K10=0,"",SUMPRODUCT((INDEX!$E$6:$E$74=$A10)*(INDEX!$N$6:$N$74))/K10) | M10: =IF(K10<=1,"",SQRT(IF(K10<=1,"",SUMPRODUCT((INDEX!$E$6:$E$74=$A10)*(INDEX!$N$6:$N$74-L10)^2)/(K10-1)))) | N10: =SUMPRODUCT((INDEX!$E$6:$E$74=$A10)*(INDEX!$O$6:$O$74<>"")) | O10: =IF(N10=0,"",SUMPRODUCT((INDEX!$E$6:$E$74=$A10)*(INDEX!$O$6:$O$74))/N10) | P10: =IF(N10<=1,"",SQRT(IF(N10<=1,"",SUMPRODUCT((INDEX!$E$6:$E$74=$A10)*(INDEX!$O$6:$O$74-O10)^2)/(N10-1)))) | Q10: =SUMPRODUCT((INDEX!$E$6:$E$74=$A10)*(INDEX!$P$6:$P$74<>"")) | R10: =IF(Q10=0,"",SUMPRODUCT((INDEX!$E$6:$E$74=$A10)*(INDEX!$P$6:$P$74))/Q10) | S10: =IF(Q10<=1,"",SQRT(IF(Q10<=1,"",SUMPRODUCT((INDEX!$E$6:$E$74=$A10)*(INDEX!$P$6:$P$74-R10)^2)/(Q10-1)))) | T10: =SUMPRODUCT((INDEX!$E$6:$E$74=$A10)*(INDEX!$Q$6:$Q$74<>"")) | U10: =IF(T10=0,"",SUMPRODUCT((INDEX!$E$6:$E$74=$A10)*(INDEX!$Q$6:$Q$74))/T10) | V10: =IF(T10<=1,"",SQRT(IF(T10<=1,"",SUMPRODUCT((INDEX!$E$6:$E$74=$A10)*(INDEX!$Q$6:$Q$74-U10)^2)/(T10-1))))

Sheet DATA_GAPS
A1: AnimalID | B1: Name | C1: Tag | D1: Pen | E1: Sex | F1: Needs
A2: TAG_00110 | B2: 00110 | C2: 00110 | D2: Pen 1 | E2: R | F2: DOB missing; Sire/Dam missing
A3: P1_TWIN_RAM_BROWNWHITE | B3: Twin ram (brown & white) | D3: Pen 1 | E3: R | F3: Tag/ID missing; DOB missing; Sire/Dam missing
A4: P1_TWIN_RAM_BLACKWHITE | B4: Twin ram (black & white) | D4: Pen 1 | E4: R | F4: Tag/ID missing; DOB missing; Sire/Dam missing
A5: TAG_0003 | B5: 003 | C5: 003 | D5: Pen 1 | E5: E | F5: DOB missing; Sire/Dam missing
A6: AZURE_0020 | B6: Azure | C6: 20 | D6: Pen 1 | E6: E | F6: DOB missing; Sire/Dam missing
A7: TAG_0044 | B7: 0044 | C7: 0044 | D7: Pen 1 | E7: E | F7: DOB missing; Sire/Dam missing
A8: CHARLIES_EWE_2 | B8: Charlie's ewe 2 | D8: Pen 1 | E8: E | F8: Tag/ID missing; DOB missing; Sire/Dam missing
A9: P1_RAM_LAMB_BROWNWHITE_01 | B9: Ram lamb (brown & white) | D9: Pen 1 | E9: R | F9: Tag/ID missing; DOB missing; Sire/Dam missing
A10: JERK_FACE | B10: Jerk Face | D10: Pen 2 | E10: R | F10: Tag/ID missing; DOB missing; Sire/Dam missing
A11: TAG_0053 | B11: 0053 | C11: 0053 | D11: Pen 2 | E11: E | F11: DOB missing; Sire/Dam missing
A12: TAG_0114 | B12: 114 | C12: 114 | D12: Pen 2 | E12: E | F12: DOB missing; Sire/Dam missing
A13: MERRIE | B13: Merrie | C13: 00016 | D13: Pen 3 | E13: R | F13: DOB missing
A14: CHARLIE | B14: Charlie | D14: Pen 3 | E14: R | F14: Tag/ID missing; DOB missing; Sire/Dam missing
A15: NORI_0029 | B15: Nori | C15: 0029 | D15: Pen 3 | E15: E | F15: DOB missing
A16: BROKEN_TAIL | B16: Broken Tail | D16: Pen 3 | E16: E | F16: Tag/ID missing; DOB missing
A17: CHARLIES_EWE_1 | B17: Charlie's ewe | D17: Pen 3 | E17: E | F17: Tag/ID missing; DOB missing; Sire/Dam missing
A18: TAG_0023 | B18: 0023 | C18: 0023 | D18: Pen 4 | E18: E | F18: DOB missing; Sire/Dam missing
A19: TAG_0011 | B19: 0011 | C19: 0011 | D19: Pen 4 | E19: E | F19: DOB missing; Sire/Dam missing
A20: GIGI | B20: Gigi | D20: Pen 4 | E20: E | F20: Tag/ID missing; DOB missing; Sire/Dam missing
A21: FMS_DAUGHTER | B21: Fms daughter | D21: Pen 4 | E21: E | F21: Tag/ID missing; DOB missing; Sire/Dam missing
A22: SERENDIPITY | B22: Serendipity | C22: 30 | D22: Pen 4 | E22: E | F22: DOB missing
A23: P4_RAM_LAMB_WHITE_01 | B23: Ram lamb (white) | D23: Pen 4 | E23: R | F23: Tag/ID missing; DOB missing; Sire/Dam missing
A24: P4_EWE_LAMB_BLACK_01 | B24: Ewe lamb (black) | D24: Pen 4 | E24: E | F24: Tag/ID missing; DOB missing; Sire/Dam missing
A25: TAG_0051 | B25: 0051 | C25: 0051 | D25: Pen 4 | E25: E | F25: DOB missing; Sire/Dam missing
A26: TAG_0113 | B26: 113 | C26: 113 | D26: Pen 5 | E26: R | F26: DOB missing; Sire/Dam missing
A27: TAG_0002 | B27: 02 | C27: 02 | D27: Pen 5 | E27: E | F27: DOB missing; Sire/Dam missing
A28: TAG_0031 | B28: 31 | C28: 31 | D28: Pen 5 | E28: E | F28: DOB missing; Sire/Dam missing
A29: MC08 | B29: Mc08 | C29: Mc08 | D29: Pen 6 | E29: R | F29: DOB missing; Sire/Dam missing
A30: ELSIE | B30: Elsie | D30: Pen 6 | E30: E | F30: Tag/ID missing
A31: TAG_2139 | B31: 2139 | C31: 2139 | D31: Pen 6 | E31: E | F31: DOB missing; Sire/Dam missing
A32: TAG_0056 | B32: 0056 | C32: 0056 | D32: Pen 6 | E32: E | F32: DOB missing; Sire/Dam missing
A33: TAG_0055 | B33: 0055 | C33: 0055 | D33: Pen 6 | E33: E | F33: DOB missing; Sire/Dam missing
A34: OAV_2222 | B34: 2222 | C34: 2222 | D34: Pen 6 | F34: Sex missing; DOB missing; Sire/Dam missing
A35: TAG_0009 | B35: 09 | C35: 09 | D35: Goose Pen | E35: R | F35: DOB missing
A36: TAG_0006 | B36: 06 | C36: 06 | D36: Goose Pen | E36: R | F36: DOB missing; Sire/Dam missing
A37: GP_RAM_LAMB_FAWN_01 | B37: Ram lamb (fawn to light tan) | D37: Goose Pen | E37: R | F37: Tag/ID missing; DOB missing; Sire/Dam missing
A38: TAG_0050 | B38: 50 | C38: 50 | D38: Goose Pen | E38: E | F38: DOB missing; Sire/Dam missing
A39: TAG_0049 | B39: 49 | C39: 49 | D39: Goose Pen | E39: E | F39: DOB missing; Sire/Dam missing
A40: BUCK_2433 | B40: Buck | C40: 2433 | D40: Tree Fort | E40: R | F40: DOB missing; Sire/Dam missing
A41: TAG_0035 | B41: 0035 | C41: 0035 | D41: Tree Fort | E41: E | F41: DOB missing; Sire/Dam missing
A42: CHARLIES_EWE_3 | B42: Charlie's ewe 3 | D42: Tree Fort | E42: E | F42: Tag/ID missing; DOB missing; Sire/Dam missing
A43: TAG_0035B | B43: 35 | C43: 35 | D43: Tree Fort | E43: E | F43: DOB missing; Sire/Dam missing

Sheet MATING_RULES
A1: Rule | B1: Value
A2: As of | B2: 2026-01-06 (living roster override)
A3: Primary goals | B3: Hardiness (parasite resistance) + Meat + Hair
A4: Ram score weights | B4: Hardiness 0.45, Meat 0.35, Hair 0.20
A5: Hardiness proxy | B5: Lower FEC avg + lower FAMACHA severity
A6: Meat proxy | B6: Higher weight + higher ADG
A7: Hair proxy | B7: Hair% derived from BREED_MIX and BREED_SUPERSET hair flags
A8: Inbreeding blocks | B8: Parent-offspring when pedigree links exist
A9: Inbreeding avoid | B9: Shared sire/dam; shared ancestors within 2 generations (if known)
A10: Penalty scaling | B10: Score = BaseScore - 0.12 * Penalty
A11: Missing data handling | B11: Missing ram metric => neutral 0.5 and flagged
